date,product,avg_price,low_price,high_price,n_records,origin,price_pct_ch,rolling_mean,rolling_std,rolling_z,rolling_vol,origin_prev,origin_changed,price_anom,surge,crash,origin_shift_alert,sustained_high,anomaly_any
2026-06-19,南北瓜,1.15,1.1,1.2,1,桂云川,0.21052631578947367,0.9116666666666667,0.04676303678327639,5.096617964267176,0.057076627173196344,桂海,True,True,True,False,True,True,True
2026-02-13,青萝卜,2.4,1.8,3.0,1,津鲁,0.19999999999999996,1.93,0.09523111632886347,4.935361656130753,0.054215607863492915,津鲁,False,True,True,False,False,True,True
2026-08-10,芥兰,3.5,3.0,4.0,1,,0.4583333333333335,2.1,0.2903624370120702,4.8215603037585835,0.12370882142927182,,True,True,True,False,True,True,True
2026-07-19,团生菜,2.25,2.0,2.5,1,冀,0.4516129032258065,1.2866666666666666,0.2161310798523885,4.457171703353646,0.12292606327871317,冀,False,True,True,False,False,True,True
2026-08-08,柿子椒,1.85,1.5,2.2,1,鲁,0.08823529411764719,1.521666666666667,0.07390969948632121,4.442357844982163,0.03132974655212808,鲁,False,True,False,False,False,True,True
2026-07-13,黄瓜,2.325,1.5,3.0,2,冀/辽冀鲁,0.5245901639344264,1.05,0.30307333811447773,4.20690255346184,0.16979047066796232,冀/辽冀鲁,False,True,True,False,False,True,True
2026-01-25,白萝卜,0.6,0.5,0.7,1,鄂川,0.09090909090909083,0.5072,0.022457367016935306,4.132274274629731,0.028751635043855545,鄂,True,True,False,False,True,True,True
2026-08-10,散叶生菜,2.5,2.0,3.0,1,冀,0.25,1.3883333333333334,0.27123069876771644,4.098601934505594,0.08750687780635298,冀,False,True,True,False,False,True,True
2026-02-14,青萝卜,2.5,1.8,3.2,1,津鲁,0.04166666666666674,1.95,0.14081046199376213,3.9059597718269323,0.05429241450360857,津鲁,False,True,False,False,False,True,True
2026-08-10,散生菜,2.95,2.5,3.4,1,,0.18000000000000016,2.2299999999999995,0.1845778034251164,3.900794064287942,0.06004395195799909,,True,True,True,False,True,True,True
2026-05-21,西葫芦,1.65,1.3,2.0,2,鲁,0.11864406779661008,1.0341666666666667,0.15804344303088286,3.896607929586771,0.06783742317094199,鲁,False,True,False,False,False,True,True
2026-02-11,扁豆,6.25,4.5,8.0,1,云,0.08695652173913038,4.9333333333333345,0.34148088585204744,3.855755098506844,0.04168094931009062,云,False,True,False,False,False,True,True
2026-08-11,散生菜,3.25,2.5,4.0,1,,0.10169491525423724,2.275,0.2531695629142775,3.851173848770013,0.06335613149429613,,True,True,False,False,True,True,True
2026-08-09,柿子椒,1.95,1.7,2.2,1,冀晋,0.054054054054053946,1.5366666666666666,0.10742546199600392,3.847629096989211,0.032574822126658166,鲁,True,True,False,False,True,True,True
2026-07-15,樱桃萝卜,4.75,4.5,5.0,1,,0.2666666666666666,2.381666666666667,0.6271835420371787,3.776140754013824,0.1695534159893954,,True,True,True,False,True,True,True
2026-05-22,西葫芦,1.9,1.6,2.2,2,鲁,0.1515151515151516,1.0641666666666665,0.22328690116055516,3.743315568396575,0.07282722204681227,鲁,False,True,True,False,False,True,True
2026-07-26,紫薯,1.95,1.6,2.3,1,冀闽,0.08333333333333326,1.6316666666666668,0.08558453507309985,3.7195193391123387,0.038699280486002706,冀闽,False,True,False,False,False,True,True
2026-03-02,黄心菜,3.35,3.2,3.5,1,,0.21818181818181825,2.26,0.2963571936142206,3.677994067587557,0.10089870518436594,,True,True,True,False,True,True,True
2026-07-16,鸡毛菜,8.4,7.8,9.0,1,,0.40000000000000013,3.3833333333333333,1.3885823416492922,3.6127973950094376,0.20506649217363124,,True,True,True,False,True,True,True
2026-06-20,南北瓜,1.15,1.1,1.2,1,桂云川,0.0,0.9199999999999999,0.06378844344581583,3.6056687947773827,0.057076627173196344,桂云川,False,True,False,False,False,True,True
2026-02-12,茴香,5.0,4.5,5.5,1,冀,0.05263157894736836,3.1233333333333335,0.5212275519574351,3.600474801493073,0.10804976441373663,冀,False,True,False,False,False,True,True
2026-06-07,圆白菜,0.8,0.6,1.0,1,冀,0.14285714285714302,0.47866666666666663,0.08947098675695093,3.5914808250214056,0.13512089018620618,冀,False,True,False,False,False,True,True
2026-08-11,豌豆苗,7.25,7.0,7.5,1,,0.0,5.095000000000001,0.6010551067741743,3.585361767518708,0.09531900040477871,,True,True,False,False,False,True,True
2026-03-25,奶白菜,5.25,4.5,6.0,1,,0.16666666666666674,3.511666666666667,0.48772578031267655,3.564161263361767,0.09190938460215708,,True,True,True,False,True,True,True
2026-07-21,丝瓜,3.2,2.5,3.8,2,冀/豫冀,0.28,1.695,0.4278756667618353,3.517376931924748,0.18985808785035513,冀/豫冀,False,True,True,False,False,True,True
2026-03-11,豌豆苗,8.0,7.5,8.5,1,,0.0,5.48,0.7168657836193166,3.515302386559737,0.08258600828409916,,True,True,False,False,False,True,True
2026-02-26,红尖椒,10.0,9.5,10.5,1,鲁徽,0.08108108108108114,6.991666666666666,0.8622427985655572,3.488963130034895,0.09968820976910159,鲁徽,False,True,False,False,False,True,True
2026-02-01,南北瓜,2.4,2.0,2.8,1,冀新云,0.11627906976744184,1.9116666666666666,0.14061645887216445,3.4728035199441414,0.04138584256189336,冀新云,False,True,False,False,False,True,True
2026-03-03,黄心菜,3.65,3.3,4.0,1,,0.08955223880597019,2.31,0.38916355926791124,3.4432823117374816,0.10125966801153097,,True,True,False,False,True,True,True
2026-07-22,丝瓜,3.7,3.5,4.0,2,冀/豫冀,0.15625,1.7641666666666669,0.5626554702132631,3.4405305481160524,0.18250600450979296,冀/豫冀,False,True,True,False,False,True,True
2026-05-12,卞萝卜,1.1,1.0,1.2,1,冀,0.1578947368421053,0.7883333333333333,0.09067118819016379,3.4373285813020487,0.07998398332524657,冀,False,True,True,False,False,True,True
2026-07-15,蒜黄,6.25,6.0,6.5,1,冀,0.0,4.8,0.42243138598129154,3.4325101025145353,0.05623730135056031,冀,False,True,False,False,False,True,True
2026-02-14,莲藕,4.75,4.5,5.0,1,津,0.0,3.2849999999999997,0.4273313339383354,3.4282531694982192,0.08459427459757805,津,False,True,False,False,False,True,True
2026-03-26,奶白菜,5.75,5.3,6.2,1,,0.09523809523809534,3.5983333333333336,0.6311570291158126,3.4090829498974835,0.09190938460215708,,True,True,False,False,True,True,True
2026-07-13,苦菊,4.725,4.3,5.5,2,辽冀,0.09883720930232553,2.6,0.6272201945200647,3.3879648942521747,0.11788461881809977,辽冀,False,True,False,False,False,True,True
2026-07-13,土豆,0.98,0.85,1.1,1,冀,0.0,0.8426666666666666,0.04059330107239725,3.3831526312285485,0.03113381035877296,冀,False,True,False,False,False,True,True
2026-07-16,小白菜,2.85,1.2,4.6,2,冀,0.14000000000000012,1.3558333333333332,0.44288840996142553,3.373686538324191,0.35238846389182865,冀,False,True,False,False,False,True,True
2026-05-13,大葱,1.15,1.1,1.2,1,鲁,0.09523809523809512,0.82,0.09790917677393819,3.3704705817508263,0.04015721464479918,鲁,False,True,False,False,False,True,True
2026-07-20,团生菜,2.25,2.0,2.5,1,冀,0.0,1.32,0.2784191828508031,3.340287082511698,0.12292606327871317,冀,False,True,False,False,False,True,True
2026-07-14,黄瓜,2.375,1.5,3.0,2,冀/辽冀鲁,0.021505376344086002,1.0983333333333332,0.38657053898245547,3.3025451707394815,0.16754995652576535,冀/辽冀鲁,False,True,False,False,False,True,True
2026-07-26,番茄,1.75,1.2,2.6,3,冀京/冀京蒙/蒙冀,0.02941176470588247,1.4670666666666667,0.0865622890470085,3.2685518884520666,0.052895534137270925,冀京/冀京蒙/蒙冀,False,True,False,False,False,True,True
2026-05-27,瓠子,1.25,1.0,1.5,1,冀,0.38888888888888884,0.75,0.15309310892394862,3.2659863237109046,0.148756012419382,冀,False,True,True,False,False,True,True
2026-03-17,土豆,1.3,0.9,2.0,2,桂云/陕蒙冀,0.040000000000000036,1.125,0.05373947370865062,3.2564516904048078,0.026994672123041324,桂云/陕蒙冀,False,True,False,False,False,True,True
2026-07-08,葱头,0.925,0.8,1.05,2,鲁皖,0.0,0.8073333333333333,0.03628748557278698,3.2426238635533426,0.025382670197767705,鲁皖,False,True,False,False,False,True,True
2026-05-31,散叶生菜,3.0,2.5,3.5,1,冀,0.33333333333333326,1.14,0.5752660553889475,3.233286550763753,0.23338652358852852,冀,False,True,True,False,False,True,True
2026-06-03,油菜,1.6,1.0,2.5,2,冀京,0.18518518518518512,0.9191666666666667,0.2106725001011073,3.231714310157156,0.24642628371566885,冀京,False,True,True,False,False,True,True
2026-06-05,冬瓜,1.09,1.0,1.2,2,桂/桂鲁,0.03809523809523818,0.7103333333333334,0.11753160494488164,3.2303367834100247,0.07764192144817919,桂/桂鲁,False,True,False,False,False,True,True
2026-07-22,韭菜,2.25,2.0,2.5,1,冀,0.0,1.5100000000000002,0.2309649921226176,3.203948759503515,0.09673094467261885,冀,False,True,False,False,False,True,True
2026-08-11,散叶生菜,2.5,2.0,3.0,1,冀,0.0,1.435,0.3332571752079568,3.195730142450575,0.08750687780635298,冀,False,True,False,False,False,True,True
2026-05-12,大葱,1.05,1.0,1.1,1,鲁,0.10526315789473695,0.8066666666666666,0.0762633067341138,3.1907000070387257,0.03646611431078983,鲁,False,True,False,False,False,True,True
2026-05-18,小米椒,7.0,6.0,8.0,1,云琼,0.07692307692307687,5.216666666666667,0.5675618352053962,3.1420952268363127,0.08122581569978028,云琼,False,True,False,False,False,True,True
2026-07-14,小黄瓜,5.0,4.0,6.1,2,辽鲁,0.12359550561797739,3.2175000000000002,0.5687687094308007,3.1339628401566766,0.08913159715250625,辽鲁,False,True,False,False,False,True,True
2026-06-12,芹菜,1.3,1.1,1.5,1,津冀京,0.040000000000000036,0.9183333333333333,0.12211027614508593,3.1255900708404556,0.0600806949855182,津冀京,False,True,False,False,False,True,True
2026-01-26,白萝卜,0.6,0.5,0.7,1,鄂川,0.0,0.5107692307692308,0.02855494029733937,3.124880258954118,0.028751635043855545,鄂川,False,True,False,False,False,True,True
2026-08-11,芥兰,3.25,3.0,3.5,1,,-0.0714285714285714,2.1450000000000005,0.3555835417625736,3.1075678995790477,0.1270369723894303,,True,True,False,False,True,True,True
2026-03-16,土豆,1.25,0.9,1.9,2,桂云/陕蒙冀,0.04166666666666674,1.1183333333333334,0.042514365388275625,3.0969924039599306,0.025936492959146348,桂云/陕蒙冀,False,True,False,False,False,True,True
2026-03-09,黄心菜,4.85,4.5,5.2,1,,0.2124999999999999,2.5683333333333334,0.7367780900807166,3.0968166635040704,0.10769154935123551,,True,True,True,False,True,True,True
2026-04-09,平菇,4.75,4.5,5.0,1,京,0.11764705882352944,2.7616666666666663,0.6456329870932775,3.0796650311891054,0.0694130934776661,京,False,True,False,False,False,True,True
2026-02-15,青萝卜,2.5,1.8,3.2,1,津鲁,0.0,1.97,0.17250687142735902,3.0723413833586215,0.05429241450360857,津鲁,False,True,False,False,False,True,True
2026-05-27,鸡毛菜,5.25,5.0,5.5,1,,0.050000000000000044,2.8666666666666667,0.7760791522613629,3.0709925996449003,0.19106461367758482,,True,True,False,False,True,True,True
2026-05-29,散叶生菜,2.25,2.0,2.5,1,冀,0.2857142857142858,1.025,0.3992989546347635,3.0678768020329548,0.22780791336418355,冀,False,True,True,False,False,True,True
2026-07-29,罗马生菜,2.25,2.0,2.5,1,冀,0.0,1.335,0.29889163069003966,3.061310207607937,0.11355193770761389,冀,False,True,False,False,False,True,True
2026-05-29,菊花菜,2.95,2.6,3.3,1,,0.3111111111111111,1.51,0.47149797966435814,3.054095801269568,0.22121783334375109,,True,True,True,False,True,True,True
2026-06-08,苦菊,4.225,3.6,5.0,2,辽冀,0.1901408450704225,2.330833333333333,0.6215138405723414,3.047666106554218,0.13212393465933003,辽冀,False,True,True,False,False,True,True
2026-08-10,柿子椒,1.95,1.7,2.2,1,冀晋,0.0,1.5516666666666667,0.13096678529525013,3.0414836283515303,0.032574822126658166,冀晋,False,True,False,False,False,True,True
2026-04-09,尖椒,3.7,3.0,4.4,1,辽鲁粤闽,0.05714285714285716,2.8616666666666664,0.2756444903448682,3.041357120124064,0.05202523202391775,辽鲁粤闽,False,True,False,False,False,True,True
2026-01-17,圆白菜,1.58,0.95,2.2,1,冀鄂鲁,0.08965517241379328,1.2529411764705882,0.10763158840939513,3.038688068835217,0.03981989373264632,冀鄂鲁,False,True,False,False,False,True,True
2026-07-19,平菇,4.75,4.5,5.0,1,冀蒙,0.0,2.855,0.6253757491190449,3.0301782611005477,0.132905067089336,冀蒙,False,True,False,False,False,True,True
2026-07-16,樱桃萝卜,4.75,4.5,5.0,1,,0.0,2.4483333333333333,0.7599323170103925,3.0287785045404116,0.1695534159893954,,True,True,False,False,False,True,True
2026-06-09,娃娃菜,0.95,0.9,1.0,1,冀,0.0,0.6766666666666666,0.09071871393197962,3.0129762811483096,0.0710887855087409,冀,False,True,False,False,False,True,True
2026-05-20,蒿子秆,4.15,3.8,4.5,1,,0.03750000000000009,2.315,0.6097130472607586,3.0096124861425477,0.23637268099809733,,True,True,False,False,False,True,True
2026-07-15,黄瓜,2.55,1.5,3.2,2,冀/辽冀鲁,0.0736842105263158,1.1533333333333333,0.4664952476627655,2.9939569023784185,0.1664392437605058,冀/辽冀鲁,False,False,False,False,False,True,True
2026-01-27,尖椒,6.25,5.0,7.5,1,辽鲁粤闽,0.0,4.992592592592593,0.42032581311857214,2.991506512717309,0.043286662725588905,辽鲁粤闽,False,False,False,False,False,True,True
2026-05-23,西葫芦,1.9,1.6,2.2,2,鲁,0.0,1.0941666666666665,0.26995236914906656,2.985094503424623,0.07282722204681227,鲁,False,False,False,False,False,True,True
2026-05-28,鸡毛菜,5.75,5.5,6.0,1,,0.09523809523809534,2.9833333333333334,0.9283219318724539,2.980287949339099,0.14592315154125934,,True,False,False,False,True,True,True
2026-05-08,大葱,0.9,0.8,1.0,1,鲁,0.05882352941176472,0.7783333333333332,0.04086000770782546,2.9776466890720963,0.02672739005184698,鲁,False,False,False,False,False,True,True
2026-06-06,苦菊,3.55,3.3,3.8,1,辽冀,0.10077519379844957,2.2075,0.45158485283536437,2.9728632206568695,0.13545280311981317,辽冀,False,False,False,False,False,True,True
2026-07-27,紫薯,1.95,1.6,2.3,1,冀闽,0.0,1.6433333333333335,0.1031682032455739,2.972492076233023,0.038699280486002706,冀闽,False,False,False,False,False,True,True
2026-02-16,散菜花,2.5,2.0,3.0,1,鄂云闽,0.11111111111111116,1.9149999999999998,0.19702529156745674,2.9691619555335627,0.06417261960566324,鄂云闽,False,False,False,False,False,True,True
2026-03-04,黄心菜,3.75,3.5,4.0,1,,0.027397260273972712,2.363333333333333,0.4681094282126876,2.9622703220509137,0.10063423689207109,,True,False,False,False,False,True,True
2026-04-08,平菇,4.25,4.0,4.5,1,京,0.1333333333333333,2.695,0.5252831748620009,2.9603080289189156,0.06860507019111745,京,False,False,False,False,False,True,True
2026-07-30,蒜苗,3.85,2.0,5.7,1,鲁豫苏,0.0,3.67,0.06102571532583749,2.949576240752241,0.014644451611639667,鲁豫苏,False,False,False,False,False,True,True
2026-03-14,土豆,1.2,0.7,1.9,2,桂云/陕蒙冀,0.0,1.1099999999999999,0.030512857662936377,2.9495762407505364,0.024296476537493106,桂云/陕蒙冀,False,False,False,False,False,True,True
2026-03-10,卞萝卜,0.85,0.8,0.9,1,冀,0.0,0.805,0.015256428831468188,2.9495762407505293,0.016703827619526525,冀,False,False,False,False,False,True,True
2026-03-04,心里美,1.35,1.2,1.5,1,冀,0.0,1.125,0.07628214415734118,2.949576240750526,0.06074119134373282,冀,False,False,False,False,False,True,True
2026-02-28,姜,4.0,2.5,6.0,2,鲁,0.0,3.8875,0.03814107207867055,2.9495762407505235,0.008621330384271746,鲁,False,False,False,False,False,True,True
2026-05-10,卞萝卜,0.95,0.7,1.2,1,冀,0.0,0.77,0.06102571532587302,2.94957624075052,0.07126966450997982,冀,False,False,False,False,False,True,True
2026-02-26,荸荠,4.425,3.0,6.0,2,皖,0.0,4.335,0.030512857662936873,2.9495762407504813,0.006179450680056052,皖,False,False,False,False,False,True,True
2026-05-26,莲藕,3.25,3.0,3.5,1,津,0.0,3.07,0.06102571532587399,2.949576240750477,0.017525327338519647,津,False,False,False,False,False,True,True
2026-05-11,心里美,1.4,1.2,1.6,1,冀,0.0,1.2650000000000001,0.0457692864944057,2.949576240750456,0.0320713490294909,冀,False,False,False,False,False,True,True
2026-05-01,红尖椒,7.5,7.0,8.0,1,鲁桂,0.0,6.6,0.30512857662937526,2.949576240750424,0.04111711414037299,鲁桂,False,False,False,False,False,True,True
2026-02-11,青萝卜,2.0,1.5,2.5,1,津鲁,0.0,1.91,0.030512857662938455,2.9495762407503356,0.014066381153285479,津鲁,False,False,False,False,False,True,True
2026-07-25,紫薯,1.8,1.6,2.0,1,冀闽,0.0,1.6200000000000003,0.06102571532587696,2.949576240750326,0.03340765523905305,冀闽,False,False,False,False,False,True,True
2026-06-25,紫薯,1.6,1.2,2.0,1,冀闽,0.0,1.4649999999999999,0.04576928649440956,2.949576240750217,0.027647714680595622,冀闽,False,False,False,False,False,True,True
2026-05-17,小米椒,6.5,6.0,7.0,1,云琼,0.0,5.15,0.45769286494416567,2.9495762407497597,0.08017837257372731,云,True,False,False,False,False,True,True
2026-07-15,美人椒,5.0,4.5,5.5,1,鲁闽,0.0,4.55,0.15256428831485372,2.949576240747213,0.029695693545824985,鲁闽,False,False,False,False,False,True,True
2026-07-30,大蒜,3.65,2.2,6.3,2,豫苏鲁,0.0,3.605,0.015256428831490195,2.9495762407462744,0.0037119616932281153,豫苏鲁,False,False,False,False,False,True,True
2026-03-02,红薯,1.85,1.1,2.8,2,冀,0.0,1.5333333333333334,0.1075457667880189,2.944482857152726,0.06236095644623237,冀,False,False,False,False,False,True,True
2026-04-28,毛豆,5.15,4.5,5.8,1,粤,-0.01904761904761898,3.018333333333333,0.7274759544945881,2.9302228527232033,0.1226500791859011,粤,False,False,False,False,False,True,True
2026-07-22,豇豆,3.65,3.0,4.3,1,鲁冀,0.2586206896551724,1.84,0.6184519048565444,2.9266625032383815,0.39486166338399925,鲁冀,False,False,True,False,False,True,True
2026-06-03,莲藕,5.375,3.0,8.0,2,川/津,0.0,3.3358333333333334,0.6969355129388963,2.9259043753814997,0.17427780249178348,川/津,False,False,False,False,False,True,True
2026-07-17,鸡毛菜,8.4,7.8,9.0,1,,0.0,3.538333333333333,1.6632790284365346,2.9229411202500306,0.20229888733260748,,True,False,False,False,False,True,True
2026-02-04,南北瓜,2.6,2.4,2.8,1,冀新云,0.08333333333333348,1.9833333333333334,0.2110455635284889,2.9219598666589515,0.042791998133633234,冀新云,False,False,False,False,False,True,True
2026-05-10,大葱,0.95,0.9,1.0,1,鲁,0.05555555555555558,0.7899999999999999,0.05477225575050305,2.92118697336161,0.0286364069551584,鲁,False,False,False,False,False,True,True
2026-02-26,黄心菜,2.75,2.0,3.5,1,,0.0,2.2,0.1889170589767209,2.9113305223948727,0.08645827399504881,,True,False,False,False,False,True,True
2026-06-21,南北瓜,1.15,1.1,1.2,1,桂云川,0.0,0.9283333333333333,0.0762067665261195,2.908753077598318,0.057076627173196344,桂云川,False,False,False,False,False,True,True
2026-02-12,扁豆,6.15,4.5,7.8,1,云,-0.015999999999999903,4.970000000000001,0.407176992778664,2.8980026399513004,0.04243451990469028,云,False,False,False,False,False,True,True
2026-07-26,长茄,1.075,0.7,1.6,2,辽晋,0.04878048780487809,0.7866666666666667,0.09951029519893016,2.897522640817501,0.08653364834326292,辽晋,False,False,False,False,False,True,True
2026-05-01,美人椒,6.5,6.0,7.0,1,鲁闽,0.0,5.515,0.3411820224071584,2.8870219862420683,0.04859429980432002,鲁闽,False,False,False,False,False,True,True
2026-03-13,芥兰,4.5,4.0,5.0,1,,0.15384615384615397,3.11,0.4818069437383431,2.88497295039997,0.11009482968341051,,True,False,True,False,True,True,True
2026-07-17,小白菜,2.925,1.5,4.6,2,冀,0.02631578947368407,1.4041666666666666,0.5273994156975903,2.8836462234637286,0.3518422581866764,冀,False,False,False,False,False,True,True
2026-06-01,平菇,5.0,4.5,5.5,1,京冀蒙,0.0,3.2,0.6242236557627334,2.883581843434939,0.18645573016454564,京蒙,True,False,False,False,False,True,True
2026-07-27,白萝卜,0.63,0.55,0.7,1,冀陕,0.14545454545454528,0.436,0.06734368874507154,2.880745079681986,0.05145673451146508,冀陕,False,False,False,False,False,True,True
2026-07-19,罗马生菜,1.4,1.3,1.5,1,京冀,0.0,1.1783333333333332,0.07732971652262925,2.8665133746067673,0.06657862720272498,京冀,False,False,False,False,False,True,True
2026-02-02,南北瓜,2.4,2.0,2.8,1,冀新云,0.0,1.9333333333333333,0.1631232521815907,2.8608224788650474,0.04138584256189336,冀新云,False,False,False,False,False,True,True
2026-03-12,豌豆苗,8.0,7.5,8.5,1,,0.0,5.575,0.8484011331667464,2.85831772872395,0.08258600828409916,,True,False,False,False,False,True,True
2026-05-27,菜心,3.0,2.7,3.3,1,,0.034482758620689724,1.8300000000000003,0.41055051350343197,2.849832021925407,0.21373681488946086,,True,False,False,False,False,True,True
2026-01-18,圆白菜,1.7,1.2,2.2,1,冀鄂鲁,0.07594936708860756,1.2777777777777777,0.14834600078098653,2.8461988863830454,0.04175162766683305,冀鄂鲁,False,False,False,False,False,True,True
2026-02-27,红尖椒,10.0,9.5,10.5,1,鲁徽,0.0,7.1,1.0204799411771068,2.841800101092529,0.09968820976910159,鲁徽,False,False,False,False,False,True,True
2026-06-30,大蒜,3.6,2.2,6.3,2,豫苏鲁,0.028571428571428692,2.9299999999999997,0.2359317551823963,2.839804245435425,0.05017906300393256,豫苏鲁,False,False,False,False,False,True,True
2026-01-28,螺丝椒,6.75,5.5,8.0,1,鲁辽闽,0.0,6.080357142857143,0.23622779563076687,2.834733547569204,0.03340765523905305,鲁辽闽,False,False,False,False,False,True,True
2026-07-14,土豆,0.98,0.85,1.1,1,冀,0.0,0.846,0.04731406439585837,2.832138851544736,0.03113381035877296,冀,False,False,False,False,False,True,True
2026-07-16,蒜黄,6.25,6.0,6.5,1,冀,0.0,4.858333333333333,0.49429213289681706,2.815474036600084,0.05623730135056031,冀,False,False,False,False,False,True,True
2026-06-06,冬瓜,1.115,1.05,1.2,2,桂/桂鲁,0.022935779816513735,0.725,0.13854539900771548,2.8149617583351234,0.0770430934901345,桂/桂鲁,False,False,False,False,False,True,True
2026-05-26,团生菜,1.4,1.0,1.8,1,冀京,0.0,0.9916666666666667,0.14508222005025623,2.8144960367430776,0.13103637828578618,冀京,False,False,False,False,False,True,True
2026-07-16,蒿子秆,5.5,5.0,6.0,1,,0.0,3.5083333333333333,0.7080915746998556,2.812724706561987,0.0829773482201121,,True,False,False,False,False,True,True
2026-05-13,卞萝卜,1.1,1.0,1.2,1,冀,0.0,0.8,0.10667385033281393,2.8123105996832765,0.07998398332524657,冀,False,False,False,False,False,True,True
2026-06-01,鸡毛菜,6.75,6.5,7.0,1,,0.125,3.225,1.2535982692591983,2.8119056052008307,0.14251011873654973,,True,False,False,False,True,True,True
2026-02-15,莲藕,4.75,4.5,5.0,1,津,0.0,3.3383333333333334,0.5030396113376286,2.8062733726135702,0.08459427459757805,津,False,False,False,False,False,True,True
2026-07-23,快菜,2.05,1.8,2.3,1,,0.10810810810810789,1.29,0.2711406302628035,2.8029734948368623,0.09980826326497672,,True,False,False,False,True,True,True
2026-03-27,奶白菜,5.75,5.3,6.2,1,,0.0,3.685,0.7370900380129493,2.8015573315396263,0.08640702102549203,,True,False,False,False,False,True,True
2026-06-01,散生菜,3.4,3.0,3.8,1,,0.1333333333333333,1.7983333333333331,0.572273646463633,2.7987776067693693,0.12315050510511644,,True,False,False,False,True,True,True
2026-06-02,散生菜,3.75,3.5,4.0,1,,0.10294117647058831,1.8683333333333332,0.673063420352119,2.7956751321922333,0.12193972469735181,,True,False,False,False,True,True,True
2026-06-10,荆芥,4.75,4.0,5.5,1,,0.0,3.45,0.46609159969936603,2.7891513188362835,0.09608093221096613,,True,False,False,False,False,True,True
2026-05-21,大葱,1.7,1.6,1.8,1,鲁,0.2142857142857144,0.965,0.26364487609216675,2.787841018928256,0.06139418321940201,鲁,False,False,True,False,False,True,True
2026-07-13,小黄瓜,4.45,4.0,5.0,2,辽鲁,0.059523809523809534,3.165,0.461052020402507,2.787104151236928,0.08586958341721383,辽鲁,False,False,False,False,False,True,True
2026-07-14,苦菊,4.725,4.3,5.5,2,辽冀,0.0,2.6775,0.735882943746182,2.7823718668851436,0.11788461881809977,辽冀,False,False,False,False,False,True,True
2026-06-05,苦菊,3.225,2.9,4.0,2,辽冀,0.0,2.1725,0.3787655766684167,2.778763606919305,0.15085984549616166,辽冀,False,False,False,False,False,True,True
2026-05-14,大葱,1.15,1.1,1.2,1,鲁,0.0,0.8333333333333334,0.11396712572985689,2.7785790388123024,0.04015721464479918,鲁,False,False,False,False,False,True,True
2026-02-26,罗马生菜,3.05,2.8,3.3,1,云,0.0,1.935,0.402181551043804,2.7723797799928382,0.10681964651312352,云,False,False,False,False,False,True,True
2026-06-07,冬瓜,1.19,1.05,1.4,2,桂/桂鲁,0.06726457399103136,0.7421666666666666,0.16204875454805232,2.7635715842576087,0.07652768089866697,桂/桂鲁,False,False,False,False,False,True,True
2026-01-29,毛冬瓜,1.85,1.8,1.9,1,云,0.0,1.4655172413793103,0.1395806527448903,2.754556244434563,0.08590539918613646,云,False,False,False,False,False,True,True
2026-04-07,白萝卜,0.6,0.5,0.7,1,川,0.0,0.485,0.04183300132670364,2.7490258014691142,0.04305157800348189,川,False,False,False,False,False,True,True
2026-05-01,油麦菜,2.325,1.7,3.3,2,鲁京冀,0.12048192771084332,1.2308333333333332,0.3983091056932577,2.747029005933138,0.1471980074080106,鲁京冀,False,False,False,False,False,True,True
2026-05-31,贝贝南瓜,1.55,1.3,1.8,1,桂鲁,0.0,1.4566666666666668,0.03407226937305775,2.7392755179123913,0.030749041331105773,桂鲁,False,False,False,False,False,True,True
2026-05-13,蒜黄,4.75,4.5,5.0,1,冀,0.0,3.6166666666666667,0.41384099339733144,2.7385719428843838,0.0456737930688114,冀,False,False,False,False,False,True,True
2026-05-27,散叶生菜,1.75,1.5,2.0,1,冀,0.0,0.9516666666666667,0.2916904752187402,2.7369194442659093,0.2230827713039659,冀,False,False,False,False,False,True,True
2026-01-30,南北瓜,2.15,1.7,2.6,1,冀新云,0.0,1.8766666666666665,0.10063019815944516,2.716215791409314,0.030213437580268752,冀新云,False,False,False,False,False,True,True
2026-05-29,鸡毛菜,6.0,5.7,6.3,1,,0.04347826086956519,3.1133333333333337,1.0635767025931195,2.7141123528078874,0.14626039159172088,,True,False,False,False,False,True,True
2026-06-03,茴香,3.0,2.5,3.5,1,冀,0.09090909090909083,1.5433333333333332,0.5370310036213759,2.712444266427611,0.2654580885319575,冀,False,False,False,False,False,True,True
2026-07-27,番茄,1.75,1.2,2.6,3,冀京/冀京蒙/蒙冀,0.0,1.4770666666666667,0.10069720173262993,2.710436125703103,0.052895534137270925,冀京/冀京蒙/蒙冀,False,False,False,False,False,True,True
2026-03-12,空心菜,11.0,10.5,11.5,1,,0.0,7.561666666666667,1.2697191743094987,2.7079478698139487,0.061424612208710344,,True,False,False,False,False,True,True
2026-06-04,油菜,1.6,1.0,2.5,2,冀京,0.0,0.9391666666666667,0.24439257330176364,2.7039828764246843,0.24568609273197878,冀京,False,False,False,False,False,True,True
2026-03-18,土豆,1.3,0.9,2.0,2,桂云/陕蒙冀,0.0,1.1316666666666668,0.062261037427986936,2.703670550431043,0.026994672123041324,桂云/陕蒙冀,False,False,False,False,False,True,True
2026-01-20,红尖椒,6.75,6.5,7.0,1,鲁徽,0.0,5.675,0.3981866793087727,2.699738730251181,0.05227945320543634,鲁徽,False,False,False,False,False,True,True
2026-07-23,油菜,2.275,1.3,3.5,2,冀京,0.13749999999999996,1.0958333333333334,0.43717763164324347,2.6972255241753067,0.3054003403023078,冀京,False,False,False,False,False,True,True
2026-07-09,葱头,0.925,0.8,1.05,2,鲁皖,0.0,0.8118333333333333,0.041986930095571265,2.695283184769049,0.025382670197767705,鲁皖,False,False,False,False,False,True,True
2026-04-30,红薯,1.7,1.0,2.8,2,冀/冀粤,0.0,1.6208333333333333,0.029422116163527755,2.6907196690632063,0.012335134242111889,冀/冀粤,False,False,False,False,False,True,True
2026-06-13,芹菜,1.3,1.1,1.5,1,津冀京,0.0,0.9266666666666665,0.13879613761229537,2.689796270672747,0.0600806949855182,津冀京,False,False,False,False,False,True,True
2026-06-01,散叶生菜,3.0,2.5,3.5,1,冀,0.0,1.21,0.665711960079661,2.6888505950618695,0.23338652358852852,冀,False,False,False,False,False,True,True
2026-05-18,大葱,1.4,1.3,1.5,1,鲁,0.07692307692307687,0.8949999999999999,0.18862021685624056,2.6773376068424977,0.04041555415120134,鲁,False,False,False,False,False,True,True
2026-04-10,尖椒,3.7,3.0,4.4,1,辽鲁粤闽,0.0,2.8766666666666665,0.3078662196399812,2.674321769683403,0.05202523202391775,辽鲁粤闽,False,False,False,False,False,True,True
2026-07-15,鸡毛菜,6.0,5.5,6.5,1,,0.08108108108108114,3.2449999999999997,1.0326856516735456,2.6678011798995303,0.18483772372495,,True,False,False,False,True,True,True
2026-05-27,散生菜,2.65,2.5,2.8,1,,0.0,1.6683333333333334,0.37057349155556235,2.6490471904666153,0.2605403417139417,,True,False,False,False,False,True,True
2026-04-09,柿子椒,3.5,3.0,4.0,1,鲁闽,0.0,2.868333333333333,0.23942579778227335,2.6382564974935807,0.0493263109935486,鲁闽,False,False,False,False,False,True,True
2026-05-13,山药,4.538,2.8,7.0,4,冀/豫冀/豫鲁,-0.01347826086956505,4.069733333333334,0.1775435708220097,2.6374746463565923,0.03679050925756244,冀/豫冀/豫鲁,False,False,False,False,False,True,True
2026-05-21,蒿子秆,4.2,3.9,4.5,1,,0.012048192771084265,2.3633333333333337,0.6966586921393672,2.6363938143460928,0.23612802206802957,,True,False,False,False,False,True,True
2026-07-01,大蒜,3.6,2.2,6.3,2,豫苏鲁,0.0,2.9725000000000006,0.23801894303054405,2.6363447884039837,0.04982607856153571,豫苏鲁,False,False,False,False,False,True,True
2026-07-20,鸡毛菜,8.75,8.0,9.5,1,,0.04166666666666652,3.7049999999999996,1.9164600088489303,2.6324577485079597,0.2011681791763187,,True,False,False,False,False,True,True
2026-05-19,小米椒,7.0,6.0,8.0,1,云琼,0.0,5.283333333333333,0.6523608760830047,2.631467841808837,0.08122581569978028,云琼,False,False,False,False,False,True,True
2026-05-27,扁豆,4.75,3.5,6.0,1,冀鲁晋,0.0674157303370786,3.2466666666666666,0.5715878267407054,2.630100332796808,0.07582940721750396,辽鲁,True,False,False,False,True,True,True
2026-06-08,冬瓜,1.25,1.1,1.4,2,桂/桂鲁,0.050420168067226934,0.7613333333333333,0.18605678282927987,2.6264383336943573,0.07549318980991444,桂/桂鲁,False,False,False,False,False,True,True
2026-06-17,山药,4.925,2.8,7.5,4,冀/豫冀/豫鲁,0.0,4.586666666666667,0.12911057365639564,2.620492836115388,0.018882587743812594,冀/豫冀/豫鲁,False,False,False,False,False,True,True
2026-01-27,白萝卜,0.6,0.5,0.7,1,鄂川,0.0,0.5140740740740741,0.03284687776512981,2.6159541415271033,0.028751635043855545,鄂川,False,False,False,False,False,True,True
2026-07-16,盖菜,2.75,2.5,3.0,1,,0.14583333333333348,1.5699999999999998,0.45116706898656883,2.6154391158259127,0.23494197532407515,,True,False,False,False,True,True,True
2026-04-13,线椒,4.75,4.0,5.5,1,鲁闽,0.0,4.266666666666667,0.18491998891104705,2.613743036540163,0.034450646614675964,鲁闽,False,False,False,False,False,True,True
2026-03-10,黄心菜,4.85,4.5,5.2,1,,0.0,2.658333333333333,0.8413949145905568,2.6048014180513377,0.10248505508633142,,True,False,False,False,False,True,True
2026-05-17,大葱,1.3,1.2,1.4,1,鲁,0.08333333333333348,0.875,0.16334330253413284,2.6018820080559495,0.03981267928684642,鲁,False,False,False,False,False,True,True
2026-04-30,油麦菜,2.075,1.7,2.8,2,鲁京冀,0.12162162162162171,1.1900000000000002,0.34092925750174546,2.5958464418251608,0.14630436526612378,鲁京冀,False,False,False,False,False,True,True
2026-07-23,丝瓜,3.5,3.0,4.0,2,冀/豫冀,-0.05405405405405406,1.8308333333333335,0.6430223401135036,2.5958144259374136,0.1850909094648195,冀/豫冀,False,False,False,False,False,True,True
2026-04-10,平菇,4.75,4.5,5.0,1,京,0.0,2.828333333333333,0.7406524771807779,2.594559156787412,0.0694130934776661,京,False,False,False,False,False,True,True
2026-07-20,盖菜,3.15,3.0,3.3,1,,0.1454545454545455,1.6666666666666667,0.5717989358056781,2.5941519657487326,0.23091677527071572,,True,False,False,False,True,True,True
2026-02-16,青萝卜,2.5,1.8,3.2,1,津鲁,0.0,1.99,0.1971346467912667,2.587064264456803,0.05429241450360857,津鲁,False,False,False,False,False,True,True
2026-05-28,散生菜,2.8,2.6,3.0,1,,0.05660377358490565,1.7033333333333334,0.4242505223887515,2.5849506572009897,0.19823389644666103,,True,False,False,False,True,True,True
2026-06-07,小葱,2.65,1.8,3.5,1,冀辽,0.0,2.1683333333333334,0.1863826862858493,2.5842886818786877,0.05335099994856339,冀辽,False,False,False,False,False,True,True
2026-05-30,散叶生菜,2.25,2.0,2.5,1,冀,0.0,1.07,0.45667463706443356,2.5838965079935243,0.22780791336418355,冀,False,False,False,False,False,True,True
2026-07-30,罗马生菜,2.25,2.0,2.5,1,冀,0.0,1.3716666666666664,0.3400515511966734,2.5829417046985848,0.11355193770761389,冀,False,False,False,False,False,True,True
2026-05-29,散生菜,3.0,2.8,3.2,1,,0.0714285714285714,1.745,0.4858959020059839,2.582857757842428,0.12166992340263096,,True,False,False,False,True,True,True
2026-06-09,苦菊,4.225,3.6,5.0,2,辽冀,0.0,2.411666666666667,0.7025119134262,2.5812136401923467,0.13273007951234272,辽冀,False,False,False,False,False,True,True
2026-06-01,菊花菜,2.95,2.6,3.3,1,,0.0,1.5566666666666664,0.53991272176753,2.580664016902459,0.2174671594677815,,True,False,False,False,False,True,True
2026-04-25,花生,5.3,4.3,6.3,1,苏鲁,0.0,4.3966666666666665,0.3501067160790838,2.5801656804815023,0.062299737292471576,苏鲁,False,False,False,False,False,True,True
2026-05-30,扁豆,5.5,3.5,7.5,1,冀晋,0.11111111111111116,3.4483333333333333,0.7960552889017871,2.577291672161467,0.07479340371592526,冀鲁晋,True,False,False,False,True,True,True
2026-06-09,圆白菜,0.8,0.5,1.1,1,冀,0.06666666666666665,0.49933333333333335,0.11676481913874537,2.5749765116271934,0.13681595534774824,冀,False,False,False,False,False,True,True
2026-07-30,番茄,1.867,1.2,2.6,3,冀京/冀京蒙/蒙冀,0.06685714285714295,1.5131666666666668,0.13747051930563592,2.5738851873154087,0.051401013492665903,冀京/冀京蒙/蒙冀,False,False,False,False,False,True,True
2026-01-20,娃娃菜,1.5,1.4,1.6,1,豫鄂,0.0,1.3425,0.061290936910512454,2.5697110851798057,0.02975008126294182,豫鄂,False,False,False,False,False,True,True
2026-02-16,茴香,5.5,5.0,6.0,1,冀,0.0,3.3699999999999997,0.8294784402012031,2.567878677453431,0.13403969419144743,冀,False,False,False,False,False,True,True
2026-08-11,柿子椒,1.95,1.7,2.2,1,鲁,0.0,1.5666666666666667,0.14932799662056037,2.5670560243795144,0.032574822126658166,冀晋,True,False,False,False,False,True,True
2026-06-08,圆白菜,0.75,0.5,1.0,1,冀,-0.0625,0.4886666666666667,0.10203898285942806,2.561112684682029,0.13822452441636596,冀,False,False,False,False,False,True,True
2026-07-22,快菜,1.85,1.7,2.0,1,,0.05714285714285716,1.2633333333333332,0.23004247483863716,2.5502536741451034,0.09969529370977287,,True,False,False,False,True,True,True
2026-06-10,娃娃菜,0.95,0.9,1.0,1,冀,0.0,0.6866666666666668,0.103335187228462,2.5483413771838825,0.0710887855087409,冀,False,False,False,False,False,True,True
2026-01-28,尖椒,6.25,5.0,7.5,1,辽鲁粤闽,0.0,5.0375000000000005,0.47602229172825694,2.547149621077346,0.043286662725588905,辽鲁粤闽,False,False,False,False,False,True,True
2026-06-22,油豆,5.0,4.0,6.0,1,冀辽,0.05263157894736836,3.9066666666666667,0.42986231423028504,2.5434500702650915,0.046247153142176194,冀辽,False,False,False,False,False,True,True
2026-02-02,彩椒,7.5,7.0,8.0,1,鲁闽,0.0,5.733333333333333,0.6946015148038595,2.543424724844626,0.06119237894550871,鲁闽,False,False,False,False,False,True,True
2026-07-16,黄瓜,2.55,1.5,3.2,2,冀/辽冀鲁,0.0,1.2108333333333332,0.5270151527843948,2.541040157178418,0.1664392437605058,冀/辽冀鲁,False,False,False,False,False,True,True
2026-05-19,茴香,1.75,1.5,2.0,1,冀,0.0,1.2983333333333333,0.17786246785444393,2.5394152690847287,0.10690449676496983,冀,False,False,False,False,False,True,True
2026-07-17,小黄瓜,5.425,4.8,6.1,2,辽鲁,0.10152284263959399,3.3991666666666664,0.7979089950412945,2.5389278049541093,0.09182086631987971,辽鲁,False,False,False,False,False,True,True
2026-05-26,扁豆,4.45,3.5,5.4,1,辽鲁,0.059523809523809534,3.1899999999999995,0.49678275276852923,2.5363199365882263,0.07634214788262121,辽鲁,False,False,False,False,False,True,True
2026-04-07,平菇,3.75,3.5,4.0,1,京,0.05633802816901423,2.645,0.43595910912330554,2.5346413846521205,0.06508080281024398,京,False,False,False,False,False,True,True
2026-03-06,黄心菜,4.0,3.5,4.5,1,,0.06666666666666665,2.478333333333333,0.6008160159794939,2.5326666170606913,0.09993456247235234,,True,False,False,False,True,True,True
2026-05-09,大葱,0.9,0.8,1.0,1,鲁,0.0,0.7833333333333333,0.0461133037377252,2.53000017804454,0.02672739005184698,鲁,False,False,False,False,False,True,True
2026-06-07,苦菊,3.55,3.3,3.8,1,辽冀,0.0,2.2516666666666665,0.5138568385987538,2.5266440685576628,0.13545280311981317,辽冀,False,False,False,False,False,True,True
2026-07-19,小黄瓜,6.1,5.0,7.1,2,辽鲁,0.09909909909909898,3.6025,0.9887808149433283,2.5258378421744996,0.09185991552846147,辽鲁,False,False,False,False,False,True,True
2026-01-23,金针菇,3.5,3.0,4.0,1,皖鲁,0.0,3.3260869565217392,0.06887004431501828,2.5252349582173284,0.016197651024995402,皖鲁,False,False,False,False,False,True,True
2026-07-28,紫薯,1.95,1.6,2.3,1,冀闽,0.0,1.655,0.11696595437459195,2.522101423250402,0.038699280486002706,冀闽,False,False,False,False,False,True,True
2026-03-05,黄心菜,3.75,3.5,4.0,1,,0.0,2.4166666666666665,0.5300184338585643,2.515635774451449,0.10063423689207109,,True,False,False,False,False,True,True
2026-03-26,绿菜花,2.5,2.4,2.6,1,浙,0.0,1.9533333333333331,0.2173243775039316,2.5154410791158353,0.0361683600083676,浙,False,False,False,False,False,True,True
2026-07-31,蒜苗,3.85,2.0,5.7,1,鲁豫苏,0.0,3.6766666666666667,0.06914918072832096,2.506657801403891,0.014644451611639667,鲁豫苏,False,False,False,False,False,True,True
2026-03-05,金丝南瓜,2.45,2.4,2.5,1,海桂粤,0.0,2.2766666666666664,0.0691491807283518,2.50665780140278,0.023756554836659984,海桂粤,False,False,False,False,False,True,True
2026-03-04,金丝南瓜,2.45,2.4,2.5,1,海桂粤,0.0,2.2766666666666664,0.0691491807283518,2.50665780140278,0.023756554836659984,海桂粤,False,False,False,False,False,True,True
2026-03-15,土豆,1.2,0.7,1.9,2,桂云/陕蒙冀,0.0,1.1133333333333333,0.03457459036417594,2.50665780140277,0.024296476537493106,桂云/陕蒙冀,False,False,False,False,False,True,True
2026-03-11,卞萝卜,0.85,0.8,0.9,1,冀,0.0,0.8066666666666666,0.01728729518208797,2.50665780140277,0.016703827619526525,冀,False,False,False,False,False,True,True
2026-03-01,姜,4.0,2.5,6.0,2,鲁,0.0,3.8916666666666666,0.043218237955219986,2.506657801402768,0.008621330384271746,鲁,False,False,False,False,False,True,True
2026-03-05,心里美,1.35,1.2,1.5,1,冀,0.0,1.1333333333333335,0.08643647591044012,2.506657801402761,0.06074119134373282,冀,False,False,False,False,False,True,True
2026-05-11,卞萝卜,0.95,0.7,1.2,1,冀,0.0,0.7766666666666667,0.06914918072835213,2.5066578014027594,0.07126966450997982,冀,False,False,False,False,False,True,True
2026-05-27,莲藕,3.25,3.0,3.5,1,津,0.0,3.0766666666666667,0.06914918072835305,2.506657801402728,0.017525327338519647,津,False,False,False,False,False,True,True
2026-02-27,荸荠,4.425,3.0,6.0,2,皖,0.0,4.338333333333334,0.03457459036417641,2.506657801402717,0.006179450680056052,皖,False,False,False,False,False,True,True
2026-05-02,红尖椒,7.5,7.0,8.0,1,鲁桂,0.0,6.633333333333334,0.34574590364176994,2.506657801402693,0.04111711414037299,鲁桂,False,False,False,False,False,True,True
2026-02-12,青萝卜,2.0,1.5,2.5,1,津鲁,0.0,1.9133333333333333,0.03457459036417786,2.5066578014026315,0.014066381153285479,津鲁,False,False,False,False,False,True,True
2026-06-26,紫薯,1.6,1.2,2.0,1,冀闽,0.0,1.47,0.05186188554626837,2.506657801402557,0.027647714680595622,冀闽,False,False,False,False,False,True,True
2026-07-16,美人椒,5.0,4.5,5.5,1,鲁闽,0.0,4.566666666666666,0.1728729518210311,2.5066578014005763,0.029695693545824985,鲁闽,False,False,False,False,False,True,True
2026-07-31,大蒜,3.65,2.2,6.3,2,豫苏鲁,0.0,3.606666666666667,0.01728729518210769,2.5066578013998915,0.0037119616932281153,豫苏鲁,False,False,False,False,False,True,True
2026-03-03,红薯,1.85,1.1,2.8,2,冀,0.0,1.5458333333333334,0.12142887327307196,2.5048957341690055,0.06236095644623237,冀,False,False,False,False,False,True,True
2026-05-11,大葱,0.95,0.9,1.0,1,鲁,0.0,0.7966666666666666,0.061494789985825804,2.493436165383698,0.0286364069551584,鲁,False,False,False,False,False,True,True
2026-06-16,芹菜,1.45,1.3,1.6,1,津冀京,0.07407407407407396,0.9683333333333334,0.19319604717404948,2.4931496979994376,0.05351438915235244,津冀京,False,False,False,False,False,True,True
2026-02-12,油豆,7.0,6.8,7.2,1,云,-0.1515151515151515,4.823333333333333,0.8735316086235045,2.491800691787924,0.14704639135655448,云,False,False,False,True,False,True,True
2026-02-05,南北瓜,2.6,2.4,2.8,1,冀新云,0.0,2.0083333333333333,0.23747353149544798,2.491505739358612,0.042791998133633234,冀新云,False,False,False,False,False,True,True
2026-06-04,莲藕,5.375,3.0,8.0,2,川/津,0.0,3.4133333333333336,0.7874482285481873,2.491169064261377,0.17427780249178348,川/津,False,False,False,False,False,True,True
2026-05-28,瓠子,1.25,1.0,1.5,1,冀,0.0,0.7777777777777778,0.18959881966484032,2.490639040142676,0.148756012419382,冀,False,False,False,False,False,True,True
2026-08-10,架豆,5.0,4.0,6.0,1,云冀,0.0,4.008333333333334,0.39893896632264475,2.4857603552936687,0.08766694218007363,云冀,False,False,False,False,False,True,True
2026-02-14,散菜花,2.25,1.8,2.7,1,鄂云闽,0.04651162790697683,1.8783333333333332,0.14952991474049204,2.485567301443937,0.05910262476882204,鄂云闽,False,False,False,False,False,True,True
2026-02-27,黄心菜,2.75,2.0,3.5,1,,0.0,2.2199999999999998,0.21359000364055541,2.481389535869489,0.08645827399504881,,True,False,False,False,False,True,True
2026-01-19,圆白菜,1.75,1.2,2.3,1,冀鄂鲁,0.02941176470588247,1.3026315789473684,0.180334322402191,2.4807724624649503,0.04153246387314887,冀鄂鲁,False,False,False,False,False,True,True
2026-06-22,南北瓜,1.15,1.1,1.2,1,桂云川,0.0,0.9366666666666668,0.08603661343040758,2.4795645112867213,0.057076627173196344,桂云川,False,False,False,False,False,True,True
2026-08-07,毛冬瓜,0.8,0.5,1.1,1,冀鲁豫,0.0,0.6866666666666668,0.045737883892792965,2.4778875559477185,0.0506543569296888,冀鲁豫,False,False,False,False,False,True,True
2026-03-16,芥兰,4.5,4.0,5.0,1,,0.0,3.1516666666666664,0.5443254815687556,2.4770718604747537,0.10857514956525119,,True,False,False,False,False,True,True
2026-02-01,小葱,4.9,4.8,5.0,1,冀辽,0.0,3.9566666666666666,0.3814069537486389,2.4732987274139338,0.05950479122320005,冀辽,False,False,False,False,False,True,True
2026-02-13,扁豆,6.15,4.5,7.8,1,云,0.0,5.011666666666667,0.4602629183662192,2.4732240810840023,0.04243451990469028,云,False,False,False,False,False,True,True
2026-02-03,南北瓜,2.4,2.0,2.8,1,冀新云,0.0,1.9549999999999998,0.18020582102427898,2.4693985880736093,0.03980646271748408,冀新云,False,False,False,False,False,True,True
2026-05-31,扁豆,5.75,3.5,8.0,1,冀晋,0.045454545454545414,3.53,0.8992909084000774,2.4686116353045175,0.07358965580968445,冀晋,False,False,False,False,False,True,True
2026-05-02,美人椒,6.5,6.0,7.0,1,鲁闽,0.0,5.548333333333333,0.38562160596697775,2.4678769341263567,0.04859429980432002,鲁闽,False,False,False,False,False,True,True
2026-03-13,苋菜,10.0,9.5,10.5,1,,0.0,7.068333333333333,1.1880499331586032,2.4676291667913364,0.08407910456425419,,True,False,False,False,False,True,True
2026-06-09,白豆,4.0,3.0,5.0,1,辽冀,0.0,3.1783333333333332,0.3333951092181378,2.4645432519799106,0.08617023602267389,辽冀,False,False,False,False,False,True,True
2026-07-28,白萝卜,0.63,0.55,0.7,1,冀陕,0.0,0.4436666666666667,0.0756800585647751,2.462119306816462,0.05145673451146508,冀陕,False,False,False,False,False,True,True
2026-06-12,荆芥,5.0,4.0,6.0,1,,0.05263157894736836,3.558333333333333,0.5860568604479698,2.459943333083221,0.09580374905664728,,True,False,False,False,True,True,True
2026-01-22,蒜黄,4.25,4.0,4.5,1,冀,0.0,3.8181818181818183,0.17562504332855228,2.4587506065997293,0.03563483225498991,冀,False,False,False,False,False,True,True
2026-01-29,螺丝椒,6.75,5.5,8.0,1,鲁辽闽,0.0,6.103448275862069,0.2631984023788485,2.456518422202587,0.03340765523905305,鲁辽闽,False,False,False,False,False,True,True
2026-08-11,香菜,6.0,5.0,7.0,1,冀蒙,0.04347826086956519,4.166666666666667,0.7466399831028273,2.4554448928846693,0.10736538149441069,冀蒙,False,False,False,False,False,True,True
2026-01-26,菊花菜,4.15,3.7,4.6,1,,0.03750000000000009,3.408333333333333,0.3020761493398645,2.4552308028536918,0.04791426770292527,,True,False,False,False,False,True,True
2026-07-20,罗马生菜,1.4,1.3,1.5,1,冀,0.0,1.1866666666666665,0.08703282509304816,2.451182448751438,0.06657862720272498,京冀,True,False,False,False,False,True,True
2026-04-06,平菇,3.55,3.3,3.8,1,京,0.0,2.6116666666666664,0.38364929507193873,2.4458101328125337,0.0656612296301904,京,False,False,False,False,False,True,True
2026-02-26,团生菜,3.4,3.0,3.8,1,冀云,-0.09333333333333338,1.9633333333333334,0.5875039740633504,2.4453735295273953,0.23521418463722682,冀云,False,False,False,False,False,True,True
2026-02-28,红尖椒,10.0,9.5,10.5,1,鲁徽,0.0,7.208333333333333,1.1467407587663816,2.434435721696883,0.09968820976910159,鲁徽,False,False,False,False,False,True,True
2026-06-03,香菜,4.0,3.5,4.5,1,冀,0.1428571428571428,2.03,0.8095976011958299,2.433307605025235,0.20581091478612404,冀,False,False,False,False,False,True,True
2026-01-20,玉米,2.675,2.4,3.0,2,海粤,0.028846153846153744,2.4425,0.09566250984306063,2.4304191932809247,0.022338617242192316,海粤,False,False,False,False,False,True,True
2026-07-15,土豆,0.98,0.85,1.1,1,冀,0.0,0.8510000000000001,0.053132884810408273,2.4278749490133067,0.03113381035877296,冀,False,False,False,False,False,True,True
2026-07-17,蒿子秆,5.5,5.0,6.0,1,,0.0,3.5700000000000003,0.7959596246908086,2.424746105368988,0.0829773482201121,,True,False,False,False,False,True,True
2026-07-17,蒜黄,6.25,6.0,6.5,1,冀,0.0,4.916666666666667,0.5506005081183969,2.4215984432884383,0.05623730135056031,冀,False,False,False,False,False,True,True
2026-05-27,团生菜,1.4,1.0,1.8,1,冀京,0.0,1.005,0.16313205989478455,2.4213511449237113,0.12659743037956944,冀京,False,False,False,False,False,True,True
2026-01-20,芹菜,1.9,1.8,2.0,1,鲁冀豫,0.0,1.6475000000000002,0.10447235846964734,2.4169072441621897,0.027934316808690202,鲁冀豫,False,False,False,False,False,True,True
2026-05-14,卞萝卜,1.1,1.0,1.2,1,冀,0.0,0.8116666666666668,0.11939743350020877,2.4149039462630424,0.07998398332524657,冀,False,False,False,False,False,True,True
2026-01-30,毛冬瓜,1.85,1.8,1.9,1,云,0.0,1.4783333333333333,0.15407305328033977,2.412275597540149,0.08590539918613646,云,False,False,False,False,False,True,True
2026-07-15,小黄瓜,4.8,4.0,5.5,2,辽鲁,-0.040000000000000036,3.2633333333333336,0.637334607799422,2.411083044701499,0.09101080583513055,辽鲁,False,False,False,False,False,True,True
2026-05-25,扁豆,4.2,3.0,5.4,1,辽鲁,0.0,3.1483333333333334,0.43618315777484873,2.4110666538150047,0.07675697596473394,辽鲁,False,False,False,False,False,True,True
2026-02-16,莲藕,4.75,4.5,5.0,1,津,0.0,3.3916666666666666,0.5635606220386973,2.410270129271137,0.08459427459757805,津,False,False,False,False,False,True,True
2026-07-23,娃娃菜,1.1,1.0,1.2,1,冀,0.0,0.8633333333333333,0.09820223093657388,2.4099927711369746,0.08037686436173734,冀,False,False,False,False,False,True,True
2026-07-24,快菜,2.05,1.8,2.3,1,,0.0,1.3166666666666667,0.3043742403044639,2.409314706132108,0.09980826326497672,,True,False,False,False,False,True,True
2026-03-30,奶白菜,5.75,5.3,6.2,1,,0.0,3.76,0.8266467368750734,2.407316101582505,0.08640702102549203,,True,False,False,False,False,True,True
2026-02-27,罗马生菜,3.05,2.8,3.3,1,云,0.0,1.9666666666666666,0.4501596140936228,2.4065538076190567,0.10681964651312352,云,False,False,False,False,False,True,True
2026-05-24,西葫芦,1.85,1.5,2.2,2,鲁,-0.02631578947368407,1.1224999999999998,0.3023863422841689,2.4058626276061403,0.07456528600585115,鲁,False,False,False,False,False,True,True
2026-05-22,大葱,1.7,1.6,1.8,1,鲁,0.0,0.9966666666666666,0.29241365755798004,2.4052684105354274,0.06291120656044943,鲁,False,False,False,False,False,True,True
2026-04-11,尖椒,3.7,3.0,4.4,1,辽鲁粤闽,0.0,2.8916666666666666,0.33632992149370944,2.4033940535036584,0.05202523202391775,辽鲁粤闽,False,False,False,False,False,True,True
2026-06-11,荆芥,4.75,4.0,5.5,1,,0.0,3.5,0.5211062503347094,2.3987430570965484,0.09608093221096613,,True,False,False,False,False,True,True
2026-05-16,大葱,1.2,1.1,1.3,1,鲁,0.04347826086956519,0.8583333333333333,0.14268565240519965,2.394541153278673,0.03918506596171264,鲁,False,False,False,False,False,True,True
2026-07-31,小葱,3.4,3.3,3.5,1,冀辽,0.0,2.2416666666666667,0.483892858854703,2.393780590345811,0.11268642131255013,冀辽,False,False,False,False,False,True,True
2026-05-15,大葱,1.15,1.1,1.2,1,鲁,0.0,0.8450000000000001,0.1275430961648216,2.3913485650830832,0.04015721464479918,鲁,False,False,False,False,False,True,True
2026-06-11,小葱,2.9,2.0,3.8,1,冀辽,0.03571428571428581,2.235,0.2782798145256254,2.3896810522660585,0.053968786735833475,冀辽,False,False,False,False,False,True,True
2026-04-08,白萝卜,0.6,0.5,0.7,1,川,0.0,0.48833333333333334,0.04676303678329061,2.3879258993412384,0.04305157800348189,川,False,False,False,False,False,True,True
2026-04-22,葱头,0.675,0.5,0.9,2,甘/甘蒙云,-0.03571428571428559,0.62,0.02311888316119009,2.3790076543286105,0.03165827678353151,甘/甘蒙云,False,False,False,False,False,True,True
2026-02-26,白萝卜,0.7,0.5,0.9,1,鄂川,0.0,0.5559999999999999,0.06054921053615576,2.378230842729374,0.08865763960534172,鄂川,False,False,False,False,False,True,True
2026-05-23,大葱,1.8,1.7,1.9,1,鲁,0.05882352941176472,1.0316666666666667,0.3231001054795842,2.378003969366956,0.06139418321940201,鲁,False,False,False,False,False,True,True
2026-01-31,南北瓜,2.15,1.7,2.6,1,冀新云,0.0,1.8900000000000001,0.10938700673013824,2.3768819329834057,0.030213437580268752,冀新云,False,False,False,False,False,True,True
2026-05-14,蒜黄,4.75,4.5,5.0,1,冀,0.0,3.6666666666666665,0.45643546458763656,2.3734644158557296,0.0456737930688114,冀,False,False,False,False,False,True,True
2026-06-04,快菜,1.25,1.0,1.5,1,,0.0,0.7383333333333333,0.21603134085100953,2.3684835017505548,0.3302418558318723,,True,False,False,False,False,True,True
2026-07-19,油麦菜,3.75,3.5,4.0,1,京冀,0.15384615384615374,1.8108333333333333,0.8198423769167507,2.3652920625540874,0.2099477857401958,京冀,False,False,True,False,False,True,True
2026-06-01,贝贝南瓜,1.55,1.3,1.8,1,桂鲁,0.0,1.46,0.03805621975537357,2.3649222276548367,0.030749041331105773,桂鲁,False,False,False,False,False,True,True
2026-05-28,散叶生菜,1.75,1.5,2.0,1,冀,0.0,0.98,0.32578816896026763,2.3634989645492848,0.2230827713039659,冀,False,False,False,False,False,True,True
2026-06-10,小葱,2.8,1.8,3.8,1,冀辽,0.05660377358490565,2.2133333333333334,0.24842029642958657,2.3615891096601844,0.05415972186740218,冀辽,False,False,False,False,False,True,True
2026-06-14,芹菜,1.3,1.1,1.5,1,津冀京,0.0,0.9366666666666666,0.15421286974633994,2.3560506586186314,0.0600806949855182,津冀京,False,False,False,False,False,True,True
2026-06-04,茴香,3.0,2.5,3.5,1,冀,0.0,1.6016666666666666,0.5958886920670173,2.3466351215405648,0.2654580885319575,冀,False,False,False,False,False,True,True
2026-06-30,蒜米,2.8,2.6,3.0,1,鲁,0.0,2.645,0.0661111916030297,2.344534960596544,0.015127994825231566,鲁,False,False,False,False,False,True,True
2026-07-28,番茄,1.75,1.2,2.6,3,冀京/冀京蒙/蒙冀,0.0,1.4870666666666668,0.11216027120501247,2.3442644218711792,0.05224638956030706,冀京/冀京蒙/蒙冀,False,False,False,False,False,True,True
2026-06-15,芹菜,1.35,1.1,1.6,1,津冀京,0.03846153846153855,0.9483333333333334,0.17144584614658612,2.342819471538797,0.054040041762677196,津冀京,False,False,False,False,False,True,True
2026-07-10,葱头,0.925,0.8,1.05,2,鲁皖,0.0,0.8168333333333333,0.04617215412011616,2.3426818334113846,0.025382670197767705,鲁皖,False,False,False,False,False,True,True
2026-04-25,线茄,3.15,2.5,3.8,1,闽冀,0.0,2.863333333333333,0.12242755305541768,2.3415208383435173,0.0262996755929638,闽冀,False,False,False,False,False,True,True
2026-07-15,苦菊,4.65,4.0,5.5,2,辽冀,-0.015873015873015706,2.734166666666667,0.8184163464227415,2.3409030644455586,0.1185428235446209,辽冀,False,False,False,False,False,True,True
2026-03-19,土豆,1.3,0.9,2.0,2,桂云/陕蒙冀,0.0,1.1383333333333332,0.06908681861069535,2.3400508218168143,0.026994672123041324,桂云/陕蒙冀,False,False,False,False,False,True,True
2026-06-21,油豆,4.75,4.0,5.5,1,冀辽,0.0,3.868333333333333,0.3770308990660964,2.3384467131223214,0.04567379306881141,冀辽,False,False,False,False,False,True,True
2026-07-18,小黄瓜,5.55,5.0,6.1,2,辽鲁,0.02304147465437789,3.489166666666667,0.8817029792839272,2.337332845361409,0.09129948156240647,辽鲁,False,False,False,False,False,True,True
2026-02-28,大蒜,3.7,3.2,4.2,1,豫苏鲁,0.0,3.6516666666666664,0.02069204966986894,2.3358407748129055,0.008526423468644505,豫苏鲁,False,False,False,False,False,True,True
2026-05-01,红薯,1.7,1.0,2.8,2,冀/冀粤,0.0,1.6241666666666668,0.0324856290065917,2.334365553394264,0.012335134242111889,冀/冀粤,False,False,False,False,False,True,True
2026-04-29,油麦菜,1.85,1.5,2.5,2,鲁京冀,0.08823529411764719,1.1558333333333333,0.29781411505574845,2.3308722843332133,0.14583377816425058,鲁京冀,False,False,False,False,False,True,True
2026-01-18,美人椒,17.5,17.0,18.0,1,鲁,0.06060606060606055,13.11111111111111,1.8830166313622752,2.3307754248106307,0.06358930260456504,鲁,False,False,False,False,False,True,True
2026-06-21,葱头,0.815,0.65,1.0,2,鲁皖,0.0,0.7863333333333333,0.01231296858609461,2.328168586334307,0.01136603155675435,鲁皖,False,False,False,False,False,True,True
2026-05-19,大葱,1.4,1.3,1.5,1,鲁,0.0,0.9149999999999999,0.2089175716021432,2.3214897448818737,0.04135928901010725,鲁,False,False,False,False,False,True,True
2026-04-10,柿子椒,3.5,3.0,4.0,1,鲁闽,0.0,2.885,0.2649495723002188,2.321196424892256,0.0493263109935486,鲁闽,False,False,False,False,False,True,True
2026-01-20,尖椒,5.15,4.5,5.8,1,辽鲁粤闽,0.0,4.8100000000000005,0.1465390194130094,2.320201140705978,0.0225062098452568,辽鲁粤闽,False,False,False,False,False,True,True
2026-05-22,蒿子秆,4.2,3.9,4.5,1,,0.0,2.411666666666667,0.7707680152505899,2.3201966064353554,0.23612802206802957,,True,False,False,False,False,True,True
2026-07-24,白豆,4.0,3.5,4.5,1,蒙冀,0.0,2.45,0.6681162401445028,2.319955580880297,0.15942188246522018,蒙冀,False,False,False,False,False,True,True
2026-06-10,韭菜,1.75,1.5,2.0,1,冀,0.0,1.2316666666666665,0.22417793630602673,2.3121514180849334,0.0851040435469899,冀,False,False,False,False,False,True,True
2026-01-19,美人椒,18.5,18.0,19.0,1,鲁,0.05714285714285716,13.394736842105264,2.2084367734794093,2.3117089966996676,0.06209350783372289,鲁,False,False,False,False,False,True,True
2026-07-17,扁豆,4.0,3.5,4.5,1,冀晋,-0.11111111111111116,2.7583333333333333,0.5377288339400953,2.3090944511355556,0.17664252976623537,冀晋,False,False,False,False,False,True,True
2026-07-24,油菜,2.25,1.3,3.5,2,冀京,-0.01098901098901095,1.1325,0.48535225387838427,2.302451448551456,0.30570490322734656,冀京,False,False,False,False,False,True,True
2026-03-06,毛冬瓜,2.2,1.6,2.8,1,云冀,-0.04347826086956508,1.8483333333333334,0.15283715321314562,2.3009239525433647,0.08785547781113313,云冀,False,False,False,False,False,True,True
2026-02-03,彩椒,7.5,7.0,8.0,1,鲁闽,0.0,5.766666666666667,0.7541075260992562,2.298522787989243,0.06119237894550871,鲁闽,False,False,False,False,False,True,True
2026-01-19,莴笋,1.3,1.1,1.5,1,鲁皖浙,0.040000000000000036,1.0789473684210527,0.09619971915194075,2.2978511114965956,0.05255283785963713,鲁皖浙,False,False,False,False,False,True,True
2026-01-28,白萝卜,0.6,0.5,0.7,1,鄂川,0.0,0.5171428571428571,0.036092180630234894,2.295708971037686,0.028751635043855545,鄂川,False,False,False,False,False,True,True
2026-05-14,山药,4.538,2.8,7.0,4,冀/豫冀/豫鲁,0.0,4.086,0.19696630203649323,2.294808783668259,0.03679050925756244,冀/豫冀/豫鲁,False,False,False,False,False,True,True
2026-07-02,大蒜,3.6,2.2,6.3,2,豫苏鲁,0.0,2.995833333333333,0.2636026376474841,2.2919598683023015,0.04982607856153571,豫苏鲁,False,False,False,False,False,True,True
2026-07-20,平菇,4.5,4.0,5.0,1,冀蒙,-0.052631578947368474,2.9133333333333336,0.6931852184852447,2.2889505205172527,0.13549062494600253,冀蒙,False,False,False,False,False,True,True
2026-06-18,山药,4.925,2.8,7.5,4,冀/豫冀/豫鲁,0.0,4.6016666666666675,0.14125870942531016,2.288944410215593,0.018882587743812594,冀/豫冀/豫鲁,False,False,False,False,False,True,True
2026-05-20,小米椒,7.0,6.0,8.0,1,云琼,0.0,5.35,0.720990697725708,2.288517737059241,0.08122581569978028,云琼,False,False,False,False,False,True,True
2026-05-28,扁豆,4.75,3.5,6.0,1,冀鲁晋,0.0,3.3033333333333332,0.6324464449636256,2.2874137062306836,0.07582940721750396,冀鲁晋,False,False,False,False,False,True,True
2026-06-09,冬瓜,1.25,1.1,1.4,2,桂/桂鲁,0.0,0.7805,0.20546142351235755,2.2851004922184908,0.07549318980991444,桂/桂鲁,False,False,False,False,False,True,True
2026-06-13,心里美,1.4,1.3,1.5,1,冀,0.0,1.2316666666666665,0.07367605390858216,2.284776727350284,0.06343419790298455,冀,False,False,False,False,False,True,True
2026-07-16,小黄瓜,4.925,4.0,5.8,2,辽鲁,0.02604166666666674,3.3133333333333335,0.7056341404934129,2.283997576335681,0.09038455453254646,辽鲁,False,False,False,False,False,True,True
2026-07-17,盖菜,2.75,2.5,3.0,1,,0.0,1.6083333333333334,0.5000143676096641,2.2832677231345238,0.23061932024624585,,True,False,False,False,False,True,True
2026-04-14,线椒,4.75,4.0,5.5,1,鲁闽,0.0,4.283333333333333,0.2048268121816988,2.2783475546780165,0.034450646614675964,鲁闽,False,False,False,False,False,True,True
2026-05-30,黄瓜,1.475,1.2,1.8,2,冀/辽冀鲁,0.0,0.9166666666666666,0.24506625892675996,2.27829541193672,0.11569712257212858,冀/辽冀鲁,False,False,False,False,False,True,True
2026-02-12,白豆,6.35,5.5,7.2,1,云,-0.04511278195488733,4.785,0.6870915714707955,2.2777167774739895,0.09696154121983826,云,False,False,False,False,False,True,True
2026-06-08,小葱,2.65,1.8,3.5,1,冀辽,0.0,2.1816666666666666,0.20572970773245414,2.276449709161051,0.05335099994856339,冀辽,False,False,False,False,False,True,True
2026-05-31,丝瓜,3.45,2.5,4.5,2,冀/豫冀,0.078125,2.3200000000000003,0.4968608353001481,2.2742786706410048,0.09147801999423935,冀/豫冀,False,False,False,False,False,True,True
2026-01-20,圆白菜,1.8,1.2,2.4,1,冀鄂鲁,0.028571428571428692,1.3275000000000001,0.20779227988293367,2.273905461098929,0.04083818521095887,冀鄂鲁,False,False,False,False,False,True,True
2026-03-11,黄心菜,4.85,4.5,5.2,1,,0.0,2.748333333333333,0.9253595138566724,2.2711893433801027,0.10407790101401777,,True,False,False,False,False,True,True
2026-05-29,扁豆,4.95,3.4,6.5,1,冀鲁晋,0.04210526315789487,3.3666666666666667,0.6979444367437935,2.2685664502467477,0.07479340371592524,冀鲁晋,False,False,False,False,False,True,True
2026-04-26,花生,5.3,4.3,6.3,1,苏鲁,0.0,4.423333333333334,0.38679347900695116,2.266498051925305,0.062299737292471576,苏鲁,False,False,False,False,False,True,True
2026-04-11,平菇,4.75,4.5,5.0,1,京,0.0,2.895,0.8192037765942038,2.2643938577920917,0.0694130934776661,京,False,False,False,False,False,True,True
2026-03-27,绿菜花,2.5,2.4,2.6,1,浙,0.0,1.9833333333333334,0.22868941946385002,2.2592504186593487,0.0361683600083676,浙,False,False,False,False,False,True,True
2026-01-21,红尖椒,6.75,6.5,7.0,1,鲁徽,0.0,5.726190476190476,0.4534917440315336,2.2576144710108172,0.05227945320543634,鲁徽,False,False,False,False,False,True,True
2026-01-29,尖椒,6.25,5.0,7.5,1,辽鲁粤闽,0.0,5.0793103448275865,0.518844396123888,2.256340559748245,0.043286662725588905,辽鲁粤闽,False,False,False,False,False,True,True
2026-06-04,大蒜,2.825,1.5,4.5,2,豫苏鲁,-0.025862068965517127,2.4649999999999994,0.15968719422670127,2.25440744790671,0.06806363145559709,豫苏鲁,False,False,False,False,False,True,True
2026-07-21,香菜,4.5,4.0,5.0,1,冀蒙,0.0,3.0300000000000002,0.6522639617992426,2.253688822459341,0.0903479163555003,冀蒙,False,False,False,False,False,True,True
2026-05-07,大葱,0.85,0.8,0.9,1,鲁,0.0,0.7733333333333333,0.03407226937303086,2.2501191754298127,0.0234667984355691,鲁,False,False,False,False,False,True,True
2026-06-10,圆白菜,0.8,0.5,1.1,1,冀,0.0,0.51,0.12892125369841317,2.249435152704922,0.13681595534774824,冀,False,False,False,False,False,True,True
2026-07-31,番茄,1.867,1.2,2.6,3,冀京/冀京蒙/蒙冀,0.0,1.5265,0.15151869123347034,2.2472474994872704,0.051401013492665903,冀京/冀京蒙/蒙冀,False,False,False,False,False,True,True
2026-03-27,莴笋,1.5,1.0,2.0,1,皖云浙津,-0.032258064516129115,1.195,0.13604639168186422,2.2418823184463643,0.03776797993630466,皖浙津,True,False,False,False,False,True,True
2026-06-11,娃娃菜,0.95,0.9,1.0,1,冀,0.0,0.6966666666666667,0.11366415543119165,2.2287882435082405,0.06061796889679952,冀,False,False,False,False,False,True,True
2026-06-05,油菜,1.55,0.9,2.5,2,冀京,-0.03125,0.9541666666666667,0.26733707037259663,2.2287718366289435,0.24650769028013667,冀京,False,False,False,False,False,True,True
2026-05-28,菜心,2.85,2.6,3.1,1,,-0.04999999999999993,1.853333333333333,0.4475861183429776,2.2267595571472536,0.1789845540692562,,True,False,False,False,False,True,True
2026-06-23,油豆,5.0,4.0,6.0,1,冀辽,0.0,3.9483333333333333,0.47260892437861624,2.2252365802219933,0.046247153142176194,冀辽,False,False,False,False,False,True,True
2026-07-20,小黄瓜,6.1,5.0,7.1,2,辽鲁,0.0,3.7158333333333333,1.073033151248438,2.221894695324901,0.07778567005233453,辽鲁,False,False,False,False,False,True,True
2026-03-06,黄瓜,3.975,2.6,5.0,2,冀/辽冀鲁云,0.019230769230769384,3.194166666666667,0.3514553077324816,2.2217144432135956,0.07821480339130153,冀/辽冀鲁云,False,False,False,False,False,True,True
2026-07-23,豇豆,3.4,3.0,3.8,1,鲁冀,-0.06849315068493156,1.8883333333333332,0.6808568806687803,2.2202414480732178,0.39837692728065055,鲁冀,False,False,False,False,False,True,True
2026-03-11,菊花菜,5.5,5.0,6.0,1,,0.0,4.42,0.48735740620135326,2.2160328052012708,0.06972297597022606,,True,False,False,False,False,True,True
2026-05-26,丝瓜,2.95,2.0,4.0,2,冀/豫冀,0.0,2.195,0.3410430248921301,2.213796925589674,0.11192659773317837,冀/豫冀,False,False,False,False,False,True,True
2026-06-09,香葱,4.0,3.5,4.5,1,,0.0,3.6166666666666667,0.1733709066261296,2.2110591724595574,0.028719887159065375,,True,False,False,False,False,True,True
2026-07-29,紫薯,1.95,1.6,2.3,1,冀闽,0.0,1.6666666666666667,0.12820601237537932,2.209984758778322,0.038699280486002706,冀闽,False,False,False,False,False,True,True
2026-07-22,扁豆,4.75,3.5,6.0,1,冀晋,0.0,3.0366666666666666,0.7791389293729122,2.199008763061429,0.16388019812209656,冀晋,False,False,False,False,False,True,True
2026-05-13,玉米,1.95,1.8,2.2,2,云,0.0,1.895833333333333,0.02463818641629226,2.198484326380802,0.0076359929973979735,云,False,False,False,False,False,True,True
2026-08-01,蒜苗,3.85,2.0,5.7,1,鲁豫苏,0.0,3.683333333333333,0.07580980435786211,2.1984843263796425,0.014644451611639667,鲁豫苏,False,False,False,False,False,True,True
2026-03-06,金丝南瓜,2.45,2.4,2.5,1,海桂粤,0.0,2.283333333333333,0.0758098043578901,2.1984843263788307,0.023756554836659984,海桂粤,False,False,False,False,False,True,True
2026-03-12,卞萝卜,0.85,0.8,0.9,1,冀,0.0,0.8083333333333333,0.018952451089472532,2.198484326378824,0.016703827619526525,冀,False,False,False,False,False,True,True
2026-03-04,红薯,1.85,1.1,2.8,2,冀,0.0,1.5583333333333333,0.1326671576263079,2.1984843263788236,0.06236095644623237,冀,False,False,False,False,False,True,True
2026-01-30,螺丝椒,6.75,5.5,8.0,1,鲁辽闽,0.0,6.125,0.2842867663420886,2.1984843263788214,0.03340765523905305,鲁辽闽,False,False,False,False,False,True,True
2026-03-02,姜,4.0,2.5,6.0,2,鲁,0.0,3.8958333333333335,0.04738112772368138,2.1984843263788205,0.008621330384271746,鲁,False,False,False,False,False,True,True
2026-03-06,心里美,1.35,1.2,1.5,1,冀,0.0,1.1416666666666668,0.09476225544736296,2.1984843263788183,0.06074119134373282,冀,False,False,False,False,False,True,True
2026-02-28,荸荠,4.425,3.0,6.0,2,皖,0.0,4.341666666666667,0.0379049021789455,2.198484326378793,0.006179450680056052,皖,False,False,False,False,False,True,True
2026-05-28,莲藕,3.25,3.0,3.5,1,津,0.0,3.0833333333333335,0.07580980435789127,2.198484326378791,0.017525327338519647,津,False,False,False,False,False,True,True
2026-05-03,红尖椒,7.5,7.0,8.0,1,鲁桂,0.0,6.666666666666667,0.37904902178946065,2.1984843263787672,0.04111711414037299,鲁桂,False,False,False,False,False,True,True
2026-06-27,紫薯,1.6,1.2,2.0,1,冀闽,0.0,1.475,0.05685735326842169,2.1984843263786678,0.027647714680595622,冀闽,False,False,False,False,False,True,True
2026-07-17,美人椒,5.0,4.5,5.5,1,鲁闽,0.0,4.583333333333333,0.18952451089486322,2.198484326377228,0.029695693545824985,鲁闽,False,False,False,False,False,True,True
2026-08-01,大蒜,3.65,2.2,6.3,2,豫苏鲁,0.0,3.6083333333333334,0.018952451089490768,2.1984843263767027,0.0037119616932281153,豫苏鲁,False,False,False,False,False,True,True
2026-07-18,大白菜,0.7,0.6,0.8,1,冀,0.0,0.4713333333333333,0.1041462278798883,2.1956308098876858,0.21192855747085526,冀,False,False,False,False,False,True,True
2026-04-30,西芹,2.35,2.2,2.5,1,辽,0.0,1.9816666666666665,0.16788919443845973,2.1939073242045204,0.04677071733467427,辽,False,False,False,False,False,True,True
2026-07-15,菜心,3.2,2.9,3.5,1,,-0.09859154929577452,2.2083333333333335,0.4522135849759291,2.192916576620431,0.24030428911555798,,True,False,False,False,True,True,True
2026-03-06,豆王,6.1,4.0,8.2,1,云鲁,0.0,4.468333333333334,0.74503914885953,2.1900415154886055,0.14348256698350645,云鲁,False,False,False,False,False,True,True
2026-02-06,南北瓜,2.6,2.4,2.8,1,冀新云,0.0,2.033333333333333,0.25875475452347874,2.1899758623188856,0.042791998133633234,冀新云,False,False,False,False,False,True,True
2026-07-15,盖菜,2.4,2.2,2.6,1,,0.0,1.5366666666666664,0.39434217010920497,2.189300051511739,0.23375047565125717,,True,False,False,False,False,True,True
2026-01-24,金针菇,3.5,3.0,4.0,1,皖鲁,0.0,3.3333333333333335,0.07613869876268821,2.1889875894272777,0.016197651024995402,皖鲁,False,False,False,False,False,True,True
2026-03-17,芥兰,4.5,4.0,5.0,1,,0.0,3.1933333333333334,0.5973697135883639,2.1873667796407,0.10857514956525119,,True,False,False,False,False,True,True
2026-06-05,莲藕,5.375,3.0,8.0,2,川/津,0.0,3.4908333333333332,0.8613963036570468,2.1873400880262217,0.17427780249178348,川/津,False,False,False,False,False,True,True
2026-08-11,架豆,5.0,4.0,6.0,1,云冀,0.0,4.043333333333333,0.4378106450505122,2.185115134777712,0.08766694218007363,云冀,False,False,False,False,False,True,True
2026-02-15,散菜花,2.25,1.8,2.7,1,鄂云闽,0.0,1.8933333333333333,0.16333450621206835,2.1836577887809083,0.05920509992835418,鄂云闽,False,False,False,False,False,True,True
2026-07-17,香芹,3.0,2.7,3.3,1,,0.0,2.5349999999999997,0.21300396628976767,2.1830579406555306,0.055010202296973953,,True,False,False,False,False,True,True
2026-08-08,毛冬瓜,0.8,0.5,1.1,1,冀鲁豫,0.0,0.6916666666666667,0.049625030762338276,2.183038109379881,0.04815214131465532,冀鲁豫,False,False,False,False,False,True,True
2026-06-01,扁豆,5.75,3.5,8.0,1,冀晋,0.0,3.6,0.9864600591386679,2.1795104424980796,0.06736035176724058,冀晋,False,False,False,False,False,True,True
2026-06-10,白豆,4.0,3.0,5.0,1,辽冀,0.0,3.216666666666667,0.35943761948194836,2.17933040637855,0.084647844719301,辽冀,False,False,False,False,False,True,True
2026-06-23,南北瓜,1.15,1.1,1.2,1,桂云川,0.0,0.945,0.09409276420565373,2.178701005658012,0.057076627173196344,桂云川,False,False,False,False,False,True,True
2026-01-20,罗马生菜,2.1,2.0,2.2,1,云,0.0,1.7475,0.16179502952485098,2.178682503629431,0.05464710992056448,云,False,False,False,False,False,True,True
2026-01-21,娃娃菜,1.5,1.4,1.6,1,豫鄂,0.0,1.35,0.06892024376045108,2.1764287503300346,0.02975008126294182,豫鄂,False,False,False,False,False,True,True
2026-02-02,小葱,4.9,4.8,5.0,1,冀辽,0.0,3.9899999999999998,0.41820635065017636,2.175959304743324,0.05214853500730237,冀辽,False,False,False,False,False,True,True
2026-07-22,奶白菜,3.6,3.2,4.0,1,,0.028571428571428692,2.388333333333333,0.5576557047654667,2.172786284283163,0.11111228777315361,,True,False,False,False,False,True,True
2026-05-03,美人椒,6.5,6.0,7.0,1,鲁闽,0.0,5.581666666666666,0.42273398608173296,2.1723669342161194,0.04859429980432002,鲁闽,False,False,False,False,False,True,True
2026-07-29,白萝卜,0.63,0.55,0.7,1,冀陕,0.0,0.4513333333333333,0.08245096069507134,2.1669446318209706,0.05145673451146508,冀陕,False,False,False,False,False,True,True
2026-07-14,西葫芦,1.675,1.2,2.2,2,冀晋,0.0,1.2825,0.1812492568355729,2.165526120507469,0.04277358757761679,冀晋,False,False,False,False,False,True,True
2026-06-15,荆芥,5.0,4.0,6.0,1,,0.0,3.6166666666666667,0.639009650422671,2.1648082034728766,0.09580374905664728,,True,False,False,False,False,True,True
2026-02-27,团生菜,3.4,3.0,3.8,1,冀云,0.0,2.0083333333333333,0.6434126864287579,2.1629456428518203,0.23521418463722682,冀云,False,False,False,False,False,True,True
2026-07-14,娃娃菜,0.95,0.9,1.0,1,冀,0.0,0.8366666666666667,0.052413036897152855,2.16231189876902,0.035499540927323825,冀,False,False,False,False,False,True,True
2026-07-21,罗马生菜,1.4,1.3,1.5,1,冀,0.0,1.1949999999999998,0.09500453709673283,2.157791683056892,0.06657862720272498,冀,False,False,False,False,False,True,True
2026-06-04,香菜,4.0,3.5,4.5,1,冀,0.0,2.1216666666666666,0.871550672487043,2.1551625081916943,0.20581091478612404,冀,False,False,False,False,False,True,True
2026-01-31,毛冬瓜,1.85,1.8,1.9,1,云,0.0,1.4883333333333333,0.16799185804025166,2.1528821151559008,0.08590539918613646,云,False,False,False,False,False,True,True
2026-04-30,线椒,5.25,5.0,5.5,1,鲁闽,0.0,4.516666666666667,0.3407226937305464,2.1522879069313623,0.05189698710934324,鲁闽,False,False,False,False,False,True,True
2026-07-31,兰花,33.0,36.0,30.0,1,,-0.04347826086956519,18.125,6.917987614297886,2.150191765197267,0.23526822691158372,,True,False,False,False,False,True,True
2026-07-20,蒿子秆,5.5,5.0,6.0,1,,0.0,3.631666666666667,0.8705411845645159,2.1461745480404333,0.0829773482201121,,True,False,False,False,False,True,True
2026-03-01,红尖椒,10.0,9.5,10.5,1,鲁徽,0.0,7.316666666666666,1.2507469032909733,2.1453847507220924,0.09968820976910159,鲁徽,False,False,False,False,False,True,True
2026-07-16,土豆,0.98,0.85,1.1,1,冀,0.0,0.856,0.05792980294257664,2.1405216952475388,0.03113381035877296,冀,False,False,False,False,False,True,True
2026-07-18,蒜黄,6.25,6.0,6.5,1,冀,0.0,4.975,0.5957825916823448,2.140042387609398,0.05623730135056031,冀,False,False,False,False,False,True,True
2026-05-28,团生菜,1.4,1.0,1.8,1,冀京,0.0,1.0183333333333333,0.1783464921560448,2.1400290078748854,0.12659743037956944,冀京,False,False,False,False,False,True,True
2026-04-12,尖椒,3.7,3.0,4.4,1,辽鲁粤闽,0.0,2.915,0.3669891476362335,2.139027829722384,0.05202523202391775,辽鲁粤闽,False,False,False,False,False,True,True
2026-06-04,水萝卜,2.25,2.0,2.5,1,,0.0,1.2508333333333332,0.4671300552370192,2.138947506085206,0.5534399056373308,,True,False,False,False,False,True,True
2026-01-23,蒜黄,4.25,4.0,4.5,1,冀,0.0,3.8369565217391304,0.193776693940795,2.1315436333487434,0.03563483225498991,冀,False,False,False,False,False,True,True
2026-05-15,卞萝卜,1.1,1.0,1.2,1,冀,0.0,0.8233333333333334,0.12980976354898605,2.131324016796792,0.07998398332524657,冀,False,False,False,False,False,True,True
2026-05-31,小黄瓜,3.55,2.5,4.7,2,辽鲁,0.0,2.5925000000000002,0.44962388496500777,2.1295576859190155,0.05340310304029031,辽鲁,False,False,False,False,False,True,True
2026-06-02,鸡毛菜,6.25,6.0,6.5,1,,-0.07407407407407407,3.341666666666667,1.3657184122685015,2.1295263410138108,0.14740671536616706,,True,False,False,False,True,True,True
2026-07-24,娃娃菜,1.1,1.0,1.2,1,冀,0.0,0.8733333333333333,0.10645812948447834,2.129162589689451,0.08037686436173734,冀,False,False,False,False,False,True,True
2026-03-31,奶白菜,5.75,5.3,6.2,1,,0.0,3.835,0.9009716976686892,2.125482970170052,0.08640702102549203,,True,False,False,False,False,True,True
2026-04-09,白萝卜,0.6,0.5,0.7,1,川,0.0,0.49166666666666664,0.05099583034566322,2.124356689537583,0.04305157800348189,川,False,False,False,False,False,True,True
2026-08-02,玉米,1.275,1.1,1.5,2,冀,0.020000000000000018,1.1091666666666666,0.07809237824670402,2.123553374305545,0.04715861907584018,冀,False,False,False,False,False,True,True
2026-05-27,樱桃萝卜,2.75,2.5,3.0,1,,0.0,1.9649999999999999,0.3697972417420184,2.1227848977511834,0.1246810494148476,,True,False,False,False,False,True,True
2026-05-29,豆王,4.85,3.5,6.2,1,辽鲁甘,0.021052631578947212,3.8216666666666663,0.4848894885352221,2.1207581472631483,0.04232954840866641,辽鲁甘,False,False,False,False,False,True,True
2026-08-01,小葱,3.4,3.3,3.5,1,冀辽,0.0,2.2916666666666665,0.5232661571938038,2.118106279368716,0.11268642131255013,冀辽,False,False,False,False,False,True,True
2026-04-23,葱头,0.675,0.5,0.9,2,甘/甘蒙云,0.0,0.6216666666666667,0.02520034664968788,2.1163730037020705,0.03165827678353151,甘/甘蒙云,False,False,False,False,False,True,True
2026-07-01,蒜米,2.8,2.6,3.0,1,鲁,0.0,2.6533333333333333,0.06939806880614952,2.113411355528528,0.015127994825231566,鲁,False,False,False,False,False,True,True
2026-06-12,小葱,2.9,2.0,3.8,1,冀辽,0.0,2.2616666666666663,0.30219978928463986,2.1122891410493074,0.04760013092651547,冀辽,False,False,False,False,False,True,True
2026-02-27,白萝卜,0.7,0.5,0.9,1,鄂川,0.0,0.5626666666666666,0.06501635514839016,2.112289023583226,0.08865763960534172,鄂川,False,False,False,False,False,True,True
2026-05-24,大葱,1.8,1.7,1.9,1,鲁,0.0,1.0666666666666667,0.34748687232294195,2.110391475888043,0.06294685709344484,鲁,False,False,False,False,False,True,True
2026-05-29,大葱,2.3,2.2,2.4,1,鲁,0.0,1.285,0.4817622106249162,2.106848519072088,0.06379509980091344,鲁,False,False,False,False,False,True,True
2026-03-26,架豆,6.15,5.8,6.5,1,云,0.0,5.153333333333334,0.47323780807169824,2.1060588348335547,0.04161377731974933,云,False,False,False,False,False,True,True
2026-02-26,豌豆苗,5.4,4.8,6.0,1,,0.0,5.203333333333333,0.09371024061116484,2.098667823111276,0.015512327850880117,,True,False,False,False,False,True,True
2026-03-13,空心菜,10.5,10.0,11.0,1,,-0.045454545454545414,7.628333333333334,1.3692864573561117,2.0971993487844953,0.06480519767839744,,True,False,False,False,False,True,True
2026-06-05,快菜,1.25,1.0,1.5,1,,0.0,0.7583333333333333,0.23455141827772424,2.096199930390108,0.3156338076932771,,True,False,False,False,False,True,True
2026-06-02,贝贝南瓜,1.55,1.3,1.8,1,桂鲁,0.0,1.4633333333333336,0.041384099339737176,2.0942020739702016,0.030749041331105773,桂鲁,False,False,False,False,False,True,True
2026-01-20,大白菜,1.3,1.2,1.4,1,冀鄂,0.0,1.0630000000000002,0.11342050311260216,2.0895692885854147,0.07392653290413187,冀鄂,False,False,False,False,False,True,True
2026-06-13,蒜苗,3.65,1.8,5.5,1,鲁豫苏,0.0,3.2566666666666664,0.18833816492631103,2.0884419973361674,0.022384065724782687,鲁豫苏,False,False,False,False,False,True,True
2026-01-21,玉米,2.675,2.4,3.0,2,海粤,0.0,2.4535714285714283,0.10615016317866464,2.085993697964253,0.022338617242192316,海粤,False,False,False,False,False,True,True
2026-02-11,菜心,3.15,2.3,4.0,1,,0.0,2.5733333333333333,0.2765967229134083,2.084864421359029,0.10589999127800623,,True,False,False,False,False,True,True
2026-07-11,葱头,0.925,0.8,1.05,2,鲁皖,0.0,0.8218333333333334,0.049488475379648705,2.0846604360960406,0.025382670197767705,鲁皖,False,False,False,False,False,True,True
2026-04-26,线茄,3.15,2.5,3.8,1,闽冀,0.0,2.8766666666666665,0.1311312407432387,2.0844257385509932,0.0262996755929638,闽冀,False,False,False,False,False,True,True
2026-07-15,黄心菜,4.95,4.5,5.4,1,,0.0,3.8850000000000002,0.5109406470692919,2.0843908311244,0.05516487399404905,,True,False,False,False,False,True,True
2026-07-27,毛豆,2.55,2.3,2.8,1,冀徽川,-0.07272727272727275,2.061,0.23468761335459717,2.0836208311563245,0.05905797183825386,冀徽川,False,False,False,False,False,True,True
2026-04-11,柿子椒,3.5,3.0,4.0,1,鲁闽,0.0,2.9016666666666664,0.2872231300518493,2.083165562694491,0.0493263109935486,鲁闽,False,False,False,False,False,True,True
2026-06-05,茴香,3.0,2.5,3.5,1,冀,0.0,1.66,0.643990790253278,2.080775098465283,0.2654580885319575,冀,False,False,False,False,False,True,True
2026-02-05,菜心,2.9,2.3,3.5,1,,0.0,2.494230769230769,0.19510352281643858,2.079763732154624,0.10480735898375074,,True,False,False,False,False,True,True
2026-07-29,番茄,1.75,1.2,2.6,3,冀京/冀京蒙/蒙冀,0.0,1.4981666666666666,0.12110784118050583,2.079413941150078,0.0498125063667885,冀京/冀京蒙/蒙冀,False,False,False,False,False,True,True
2026-01-21,芹菜,1.9,1.8,2.0,1,鲁冀豫,0.0,1.6595238095238096,0.11577893549675548,2.0770288605989924,0.027934316808690202,鲁冀豫,False,False,False,False,False,True,True
2026-03-12,菊花菜,5.5,5.0,6.0,1,,0.0,4.489999999999999,0.48661391620901706,2.0755674393129597,0.06972297597022606,,True,False,False,False,False,True,True
2026-03-20,土豆,1.3,0.9,2.0,2,桂云/陕蒙冀,0.0,1.145,0.07468323912965041,2.0754322095071345,0.026994672123041324,桂云/陕蒙冀,False,False,False,False,False,True,True
2026-03-01,大蒜,3.7,3.2,4.2,1,豫苏鲁,0.0,3.6533333333333333,0.022488822255442277,2.075104962660886,0.008526423468644505,豫苏鲁,False,False,False,False,False,True,True
2026-06-22,葱头,0.815,0.65,1.0,2,鲁皖,0.0,0.7876666666666666,0.013178701033083351,2.0740536768166056,0.01136603155675435,鲁皖,False,False,False,False,False,True,True
2026-05-02,红薯,1.7,1.0,2.8,2,冀/冀粤,0.0,1.6275000000000002,0.034956869977453314,2.07398431400641,0.012335134242111889,冀/冀粤,False,False,False,False,False,True,True
2026-05-15,红薯,1.783,1.3,2.6,3,冀/冀粤,0.0,1.6783000000000001,0.0505283464315162,2.0721042225655526,0.013048637105135994,冀/冀粤,False,False,False,False,False,True,True
2026-01-27,菊花菜,4.15,3.7,4.6,1,,0.0,3.4473684210526314,0.33931044626914836,2.070763180659715,0.04791426770292527,,True,False,False,False,False,True,True
2026-01-29,白萝卜,0.6,0.5,0.7,1,鄂川,0.0,0.52,0.03863750953228149,2.0705268266102985,0.028751635043855545,鄂川,False,False,False,False,False,True,True
2026-07-21,盖菜,3.0,2.8,3.2,1,,-0.04761904761904756,1.72,0.6187584900148987,2.068658484135191,0.2264524435435006,,True,False,False,False,False,True,True
2026-05-04,芹菜,1.3,1.2,1.4,1,鲁津冀,0.0,0.9916666666666667,0.1491836020695185,2.066804454752689,0.042123313099393274,鲁津冀,False,False,False,False,False,True,True
2026-06-11,韭菜,1.75,1.5,2.0,1,冀,0.0,1.2566666666666666,0.2387948670004016,2.0659293875546485,0.0851040435469899,冀,False,False,False,False,False,True,True
2026-05-25,蒿子秆,4.2,3.9,4.5,1,,0.0,2.4716666666666662,0.8370394599248381,2.0648170320292065,0.23612802206802957,,True,False,False,False,False,True,True
2026-05-20,大葱,1.4,1.3,1.5,1,鲁,0.0,0.935,0.22558353449328142,2.061320659083161,0.04135928901010725,鲁,False,False,False,False,False,True,True
2026-06-02,樱桃萝卜,3.25,3.0,3.5,1,,-0.08450704225352113,2.1516666666666664,0.5336089445906339,2.058311324177552,0.12050218817309055,,True,False,False,False,True,True,True
2026-07-18,油麦菜,3.25,3.0,3.5,1,京冀,-0.03703703703703709,1.7399999999999998,0.7338079707464591,2.0577590598586264,0.21286123070667956,京冀,False,False,False,False,False,True,True
2026-04-28,油麦菜,1.7,1.4,2.3,2,鲁京冀,-0.02857142857142858,1.1408333333333331,0.27184580864556795,2.056925833996239,0.14552068210145244,鲁京冀,False,False,False,False,False,True,True
2026-06-24,螺丝椒,3.25,2.5,4.0,1,鲁冀,0.0,2.675,0.27970119524360043,2.055765258704793,0.05630296990412156,鲁冀,False,False,False,False,False,True,True
2026-06-02,散叶生菜,2.75,2.5,3.0,1,冀,-0.08333333333333337,1.2716666666666667,0.7195165203027005,2.054620417487285,0.22259179728951742,冀,False,False,False,False,False,True,True
2026-07-22,香菜,4.5,4.0,5.0,1,冀蒙,0.0,3.1133333333333337,0.6754223880645543,2.0530362794757315,0.0903479163555003,冀蒙,False,False,False,False,False,True,True
2026-03-07,毛冬瓜,2.2,1.6,2.8,1,云冀,0.0,1.8599999999999999,0.16577924665255706,2.0509201656138423,0.08785547781113313,云冀,False,False,False,False,False,True,True
2026-07-15,团生菜,1.4,1.3,1.5,1,冀,0.0,1.2333333333333334,0.08129695813680561,2.0500972051894206,0.03908487594117082,冀,False,False,False,False,False,True,True
2026-02-04,彩椒,7.5,7.0,8.0,1,鲁闽,0.0,5.825,0.8177713616898066,2.0482497657277383,0.06119237894550871,鲁闽,False,False,False,False,False,True,True
2026-01-30,尖椒,6.25,5.0,7.5,1,辽鲁粤闽,0.0,5.118333333333334,0.5528115182525081,2.047111229237727,0.043286662725588905,辽鲁粤闽,False,False,False,False,False,True,True
2026-06-14,心里美,1.4,1.3,1.5,1,冀,0.0,1.2366666666666666,0.07979859705504916,2.0468196103830953,0.06343419790298455,冀,False,False,False,False,False,True,True
2026-05-31,黄瓜,1.475,1.2,1.8,2,冀/辽冀鲁,0.0,0.9325,0.26515691515621914,2.045958332560862,0.11694170512505969,冀/辽冀鲁,False,False,False,False,False,True,True
2026-05-27,丝瓜,2.95,2.0,4.0,2,冀/豫冀,0.0,2.2083333333333335,0.36254211011851206,2.0457393664537946,0.10981454440101833,冀/豫冀,False,False,False,False,False,True,True
2026-06-09,小葱,2.65,1.8,3.5,1,冀辽,0.0,2.195,0.2225828013308276,2.04418309626595,0.05335099994856339,冀辽,False,False,False,False,False,True,True
2026-06-19,山药,4.925,2.8,7.5,4,冀/豫冀/豫鲁,0.0,4.616666666666666,0.1509072182029261,2.0431980458265113,0.018882587743812594,冀/豫冀/豫鲁,False,False,False,False,False,True,True
2026-05-15,山药,4.538,2.8,7.0,4,冀/豫冀/豫鲁,0.0,4.102266666666667,0.21335948833920612,2.0422496169497264,0.03679050925756244,冀/豫冀/豫鲁,False,False,False,False,False,True,True
2026-05-28,菊花菜,2.25,2.0,2.5,1,,-0.11764705882352933,1.4633333333333334,0.3854986321665537,2.0406471022880033,0.21321033372498352,,True,False,False,False,True,True,True
2026-07-03,大蒜,3.6,2.2,6.3,2,豫苏鲁,0.0,3.0191666666666666,0.2849442877589144,2.038410167480756,0.04982607856153571,豫苏鲁,False,False,False,False,False,True,True
2026-05-21,小米椒,7.0,6.0,8.0,1,云琼,0.0,5.416666666666667,0.7777435679395688,2.0358038286680618,0.08122581569978028,云琼,False,False,False,False,False,True,True
2026-08-01,玉米,1.25,1.1,1.4,2,冀,0.0,1.1041666666666667,0.0716442761066574,2.0355196710513206,0.05780003421260586,冀,False,False,False,False,False,True,True
2026-04-26,广茄,2.85,2.2,3.5,1,云闽,0.0,2.5433333333333334,0.15070714541173624,2.0348515382521812,0.045808691406307354,云闽,False,False,False,False,False,True,True
2026-05-05,线椒,5.75,5.5,6.0,1,鲁闽,0.0,4.733333333333333,0.4997125610570269,2.034502924073276,0.04537160719738525,鲁闽,False,False,False,False,False,True,True
2026-06-10,冬瓜,1.25,1.1,1.4,2,桂/桂鲁,0.0,0.7996666666666667,0.22147597882254075,2.033328109565174,0.07642568651199531,桂/桂鲁,False,False,False,False,False,True,True
2026-04-27,花生,5.3,4.3,6.3,1,苏鲁,0.0,4.45,0.41853603643307136,2.0308884445029722,0.062299737292471576,苏鲁,False,False,False,False,False,True,True
2026-04-15,线椒,4.75,4.0,5.5,1,鲁闽,0.0,4.3,0.221670771718993,2.030037593636634,0.03144249904852053,鲁闽,False,False,False,False,False,True,True
2026-06-05,大蒜,2.825,1.5,4.5,2,豫苏鲁,0.0,2.475,0.17245689116512883,2.029492690233366,0.06806363145559709,豫苏鲁,False,False,False,False,False,True,True
2026-03-22,白豆,6.5,6.0,7.0,1,云鲁,-0.022556390977443663,5.404999999999999,0.5400111748524429,2.0277358154656846,0.07169276115582604,云鲁,False,False,False,False,False,True,True
2026-03-28,绿菜花,2.5,2.4,2.6,1,浙,0.0,2.0083333333333333,0.2428577465461445,2.024504771451657,0.0361683600083676,浙,False,False,False,False,False,True,True
2026-03-12,黄心菜,4.85,4.5,5.2,1,,0.0,2.8383333333333334,0.9939197335708797,2.0239729615180315,0.10407790101401777,,True,False,False,False,False,True,True
2026-01-25,油麦菜,2.75,2.5,3.0,1,鲁京冀,0.0,2.344,0.2006863224038949,2.0230576510485725,0.0491410003622151,鲁京冀,False,False,False,False,False,True,True
2026-07-15,娃娃菜,0.95,0.9,1.0,1,冀,0.0,0.8383333333333334,0.05521639769772506,2.02234610229322,0.035499540927323825,冀,False,False,False,False,False,True,True
2026-03-13,豌豆苗,7.5,7.0,8.0,1,,-0.0625,5.653333333333333,0.9137770547278612,2.020915995988361,0.08639963441636248,,True,False,False,False,True,True,True
2026-07-21,团生菜,1.95,1.7,2.2,1,冀,-0.1333333333333333,1.3433333333333335,0.3007844151012726,2.0169484727538323,0.13229954308852462,冀,False,False,False,True,False,True,True
2026-01-21,尖椒,5.15,4.5,5.8,1,辽鲁粤闽,0.0,4.826190476190476,0.16094956323259135,2.0118695404073943,0.0225062098452568,辽鲁粤闽,False,False,False,False,False,True,True
2026-06-13,莲藕,7.15,6.8,7.5,1,川,0.0,4.288333333333333,1.4239595919618755,2.009654405097251,0.18961420901780696,川,False,False,False,False,False,True,True
2026-07-20,散叶生菜,1.35,1.2,1.5,1,冀,0.0,1.1683333333333332,0.0904808355907306,2.0077916553334516,0.06074119134373289,冀,False,False,False,False,False,True,True
2026-08-01,番茄,1.867,1.2,2.6,3,冀京/冀京蒙/蒙冀,0.0,1.5398333333333334,0.16324787231719806,2.004109836304432,0.051401013492665903,冀京/冀京蒙/蒙冀,False,False,False,False,False,True,True
2026-03-28,莴笋,1.5,1.0,2.0,1,皖云浙津,0.0,1.2066666666666668,0.14664837921517176,2.000249405436224,0.03776797993630466,皖云浙津,False,False,False,False,False,True,True
