product,n_days,mean_price,std_price,avg_rolling_vol,max_abs_z,n_price_anom,n_surge,n_crash,n_origin_shift,n_sustained,n_anomalies,anomaly_rate,risk_score
鸡毛菜,153,3.9313725490196076,1.5438213264253398,0.1408699663570386,3.6127973950094376,3,19,21,74,9,77,0.5033,216.41
蒿子秆,153,3.5031568627450977,1.0971418137336326,0.11562102660380046,3.436371701540669,4,15,18,73,7,80,0.5229,206.16
快菜,153,1.173202614379085,0.4089872819969165,0.202811002816855,3.326848989610521,2,23,26,62,5,65,0.4248,191.03
奶白菜,153,2.9558823529411766,0.8298291908990134,0.11747331982686765,3.605226094946265,3,15,17,68,6,72,0.4706,190.17
盖菜,153,2.145098039215686,0.805772037149089,0.12722823579084622,3.25631336890975,1,16,14,72,5,75,0.4902,188.27
茼蒿,153,5.181699346405228,1.9734066827008871,0.11691999883101599,2.8740027456633275,0,18,16,74,0,74,0.4837,183.17
空心菜,153,4.688235294117646,2.519070452423362,0.1059046720663108,3.1783477105283677,1,15,16,69,2,71,0.4641,177.06
苋菜,153,4.780065359477124,2.1036570590321566,0.12249480700807082,3.2038841929227275,1,13,18,69,1,70,0.4575,175.22
荠菜,150,8.335,2.9036152540624514,0.36465678127527407,3.7002354310791508,4,24,23,56,0,56,0.3733,174.65
菊花菜,153,2.8088235294117645,1.212722004188398,0.1045201706028972,4.641932642619732,4,14,14,58,7,63,0.4118,171.05
菜心,153,2.4604575163398694,0.6226707542907843,0.1300299697405041,4.020100204385772,5,12,15,54,5,59,0.3856,161.3
黄心菜,153,3.1209150326797386,0.8900327902572231,0.06978970612234464,4.802383175128412,5,7,5,54,12,63,0.4118,159.7
樱桃萝卜,153,2.6745098039215685,0.7019502355060044,0.10260964520117291,3.776140754013824,3,12,13,58,4,60,0.3922,159.03
穿心莲,153,3.5588235294117645,1.1456599690597031,0.1195557524896836,5.102520385624571,6,14,19,53,0,55,0.3595,158.2
木耳菜,153,4.67483660130719,2.0785173437152777,0.09730589184665603,3.018515286509596,1,12,11,51,0,51,0.3333,128.97
散生菜,153,2.3986928104575163,0.6344275214819732,0.06868863231026642,4.180743417564479,5,3,9,40,7,41,0.268,121.69
香芹,153,2.7591503267973856,0.4072710007386431,0.06471731635745631,3.2536249046542576,2,6,5,51,1,52,0.3399,121.65
芥兰,153,2.6601307189542482,0.8191852394204546,0.06867946871005069,4.8215603037585835,2,7,9,43,5,45,0.2941,118.69
水萝卜,179,2.1412569832402237,0.7999062170407917,0.20519338058332234,4.003257913474402,4,19,21,20,1,52,0.2905,96.05
荆芥,153,5.18921568627451,2.147121245752753,0.06523529916128397,4.694855340334422,6,5,11,26,4,31,0.2026,94.65
香葱,153,3.5698235294117646,0.5962380101149891,0.06138701425469469,3.8459305140330016,1,2,5,41,1,42,0.2745,94.61
苦菊,216,3.027361111111111,0.7935568379383797,0.10911371886827219,3.6895212882307176,8,23,25,1,8,57,0.2639,91.09
小白菜,216,1.7592592592592593,0.711464200937892,0.3287318814674897,3.48391213781681,2,38,37,1,2,77,0.3565,90.29
菠菜,216,2.621759259259259,0.9740415240694529,0.30041502456514096,3.088623779582076,1,35,39,2,0,75,0.3472,84.0
油菜,216,1.0729166666666667,0.31473733973466805,0.16119333936735003,3.231714310157156,1,33,29,2,5,66,0.3056,80.61
散叶生菜,216,1.5976851851851852,0.6577581466621528,0.06903442930981321,4.992613591714211,11,11,10,1,10,30,0.1389,76.69
茴香,216,2.4541666666666666,1.0988921482513068,0.13857279665145766,4.533905839488886,6,23,21,0,6,50,0.2315,75.39
扁豆,216,4.322685185185185,1.284883204524006,0.07387578219392497,3.855755098506844,5,13,12,3,13,40,0.1852,72.74
油麦菜,216,2.027837962962963,0.735481899698877,0.12037993925725216,4.1677183937720725,3,18,28,0,7,53,0.2454,70.2
豌豆苗,153,5.243137254901961,0.5662102438561835,0.033225793656504,5.029659664196179,5,3,2,19,5,23,0.1503,68.33
白萝卜,216,0.5322222222222223,0.127617403007535,0.05326189944246964,4.5873171092556495,6,4,7,5,13,29,0.1343,65.53
平菇,216,3.2034722222222225,0.6410924391254945,0.0699568869027218,4.75222778324061,8,9,13,0,9,33,0.1528,64.7
罗马生菜,216,1.7106481481481481,0.3850128917156572,0.055288780713888847,4.594875274464372,10,9,6,1,8,27,0.125,63.55
大葱,216,1.369212962962963,0.4503952589887597,0.030956311609464195,3.8537663592277034,5,1,2,3,19,27,0.125,62.31
红尖椒,216,5.542824074074074,1.6773683392893461,0.03139546339215104,5.294651389216837,11,2,6,1,9,23,0.1065,61.31
丝瓜,216,2.95462962962963,1.1412108428196621,0.08586062274993515,4.480429833956339,4,17,17,1,6,39,0.1806,60.86
南北瓜,216,1.421111111111111,0.5898582144704733,0.02262815473304903,5.29465138925956,9,1,0,3,13,21,0.0972,60.23
大蒜,216,3.2141203703703702,0.46574862403706657,0.017369410641632305,4.652073843435353,11,2,0,1,11,23,0.1065,59.17
圆白菜,216,0.8534259259259259,0.3731429354837959,0.07401824639991111,4.001756642388606,5,11,10,3,8,33,0.1528,58.74
紫苏叶,153,5.673856209150327,2.2661633251004356,0.033314955087958724,4.69485534033443,11,1,5,9,0,15,0.098,57.33
芹菜,216,1.2421296296296296,0.33875023638794016,0.037250205593465736,3.729015791390243,7,0,7,6,8,21,0.0972,56.37
西葫芦,216,1.6726851851851852,0.5585075319289448,0.06640992670339314,4.91332025047004,5,9,11,4,5,28,0.1296,53.66
莲藕,216,3.901388888888889,1.1375378007178554,0.03635193704072498,5.294651389216611,7,4,2,3,10,20,0.0926,53.36
青蒜,216,3.0832175925925926,0.6680883480538639,0.11698681876850762,3.3108940228840464,1,19,22,4,0,42,0.1944,53.17
韭菜,216,1.894212962962963,0.7777584553709117,0.06646634905814397,4.804839786393547,8,11,9,1,3,26,0.1204,52.66
葱头,216,0.7657638888888889,0.12004357655167484,0.01334784595716424,5.0037023329767605,10,0,0,3,8,19,0.088,52.13
团生菜,216,1.6421296296296295,0.5461987898208153,0.07613528387594151,4.782189788968791,6,7,7,0,9,23,0.1065,50.76
土豆,216,1.059837962962963,0.12701344606907894,0.018963597586604816,5.294651389216615,6,0,1,4,11,17,0.0787,49.19
香菜,216,3.907175925925926,2.614193261049271,0.0925135935485699,4.468108821618248,2,14,14,2,5,34,0.1574,48.93
美人椒,216,6.91875,3.452068178542006,0.03859170420169976,5.294651389199915,6,3,9,1,8,23,0.1065,48.39
柿子椒,216,2.39375,0.6797197182286515,0.029283599620413096,5.294651389237508,9,1,2,2,7,15,0.0694,48.29
贝贝南瓜,216,1.8094907407407408,0.5677701958210775,0.017927064792637597,5.294651389216337,13,1,0,1,3,16,0.0741,48.18
卞萝卜,216,0.7856481481481481,0.07747495497073544,0.013873237011898588,5.294651389216646,9,2,1,0,9,18,0.0833,48.14
白豆,216,3.9331018518518515,1.1793096556869855,0.07605624922455924,3.650856415125593,3,14,9,2,5,28,0.1296,46.76
紫薯,216,1.8037037037037038,0.2131931871706649,0.009456372323648524,5.294651389216606,9,0,1,1,8,16,0.0741,46.09
黄瓜,216,1.9861111111111112,0.995117927646006,0.0651272590982616,4.20690255346184,4,9,4,3,7,21,0.0972,45.65
小米椒,216,9.00462962962963,5.228275259372751,0.02822525172786495,5.294651389212736,9,2,5,0,5,17,0.0787,44.28
兰花,21,18.428571428571427,6.884830633874944,0.2567165436034597,2.7989686218806584,0,5,4,15,1,16,0.7619,43.57
毛冬瓜,216,1.3428240740740742,0.5625042731199548,0.04242044200311459,4.494869122791537,5,3,5,3,7,18,0.0833,43.42
娃娃菜,216,1.0393518518518519,0.28656351428171223,0.03374324896836873,3.794778470821294,6,4,1,1,9,18,0.0833,43.34
大白菜,216,0.732175925925926,0.3503412111855419,0.08425528666769246,4.29010869504033,4,12,10,2,2,24,0.1111,42.84
蒜黄,216,4.524768518518519,1.0940961830639038,0.03093173020949831,4.719583465212371,7,3,1,0,8,16,0.0741,41.31
线椒,216,4.493055555555555,1.5824099714768813,0.030151885949629274,5.294651389215586,8,1,5,0,5,16,0.0741,40.3
豇豆,216,3.6481481481481484,1.3603253018257255,0.11216940256342289,2.9266625032383815,0,12,19,2,2,32,0.1481,40.12
油豆,216,4.813425925925926,1.0367235168073816,0.07075378233606268,4.489996544812184,4,8,7,2,4,21,0.0972,39.71
尖椒,216,2.9550925925925924,1.3104311347142947,0.040255217373602874,4.00693842672377,4,2,3,1,10,18,0.0833,39.4
青萝卜,216,1.3710648148148148,0.519555512590543,0.03162354013150975,5.294651389215705,6,4,5,0,6,16,0.0741,39.32
香椿,21,26.071428571428573,11.200765279977206,0.15056525979772184,0.7166267843814368,0,2,4,15,0,15,0.7143,37.51
小葱,216,2.803703703703704,0.8765870312912909,0.04419618410310399,3.577061918994181,4,3,2,0,10,17,0.0787,37.44
板栗南瓜,216,2.078009259259259,0.8318878613535334,0.023109295321861182,5.161404353387625,11,1,3,0,0,13,0.0602,37.23
蚕豆仁,21,12.880952380952381,1.7331673455321754,0.11916338271105577,0.9771570646611694,0,2,2,16,0,16,0.7619,37.19
花生,216,4.622453703703704,0.6236188442975091,0.01587639296504497,5.294651389217439,8,1,2,2,3,12,0.0556,37.16
孢子甘蓝,21,15.083333333333334,2.8121759072528407,0.07822786683901561,1.2742209063421719,0,1,3,16,0,16,0.7619,36.78
小黄瓜,216,4.092013888888889,1.2637441582379798,0.056222856751171876,3.165886344756311,2,4,8,0,9,21,0.0972,36.56
冬瓜,216,1.0383101851851853,0.45809264939601796,0.03218494266848538,4.088222345359887,5,2,3,2,6,13,0.0602,36.32
莴笋,216,1.0905092592592593,0.19616134770252805,0.052931626014592316,3.3135786493183357,2,2,5,8,3,18,0.0833,35.53
红薯,216,1.5938472222222222,0.155379414971544,0.0194559837362378,5.248028954722398,6,1,2,0,7,14,0.0648,35.19
心里美,216,1.2534722222222223,0.11164511535640821,0.01479130471230408,5.294651389216606,7,2,0,0,6,13,0.0602,35.15
玉米,216,1.724189814814815,0.41171356727362635,0.02824913801120153,3.626666515484116,5,3,0,2,5,15,0.0694,32.28
毛豆,216,3.620277777777778,1.2206204738104602,0.05251406351393078,4.453439899110012,3,3,3,6,2,16,0.0741,31.53
番茄,216,2.334671296296296,0.8960094934662072,0.02642551481814764,4.947912440494841,3,1,1,3,7,13,0.0602,31.26
春竹笋,21,10.30952380952381,3.8882071397888214,0.1548386773362335,0.5995478175114847,0,2,3,12,0,12,0.5714,30.55
彩椒,216,5.726851851851852,1.6210953220172837,0.037985826079567776,5.294651389216854,4,4,8,0,3,16,0.0741,30.38
蒜苗,216,3.7055555555555553,0.6414584883280153,0.02234051465864566,5.2946513892252804,5,1,4,1,4,12,0.0556,30.22
山药,216,4.411069444444444,0.396452114228147,0.005547266331238445,5.294651389216668,6,0,0,0,6,12,0.0556,30.06
姜,216,3.4313657407407407,0.3420483585182517,0.006463754622429452,5.294651389216601,7,0,1,1,3,10,0.0463,30.06
瓠子,93,0.8274193548387097,0.33658419460233274,0.18282267606290084,3.299153767925283,2,8,10,0,2,19,0.2043,29.83
凉瓜,21,8.928571428571429,1.8626977363874317,0.07130796598565213,1.5310061330418512,0,1,2,13,0,13,0.619,29.71
散菜花,216,1.7633101851851851,0.3432732874099992,0.06599719203734795,2.9691619555335627,0,3,6,7,3,18,0.0833,29.66
广茄,216,2.321527777777778,1.1938551893669072,0.050107305589302015,4.4426385219901166,3,3,11,2,1,17,0.0787,29.5
金丝南瓜,216,1.403472222222222,0.5839516379837252,0.025750679704942034,3.834057902534801,5,1,1,3,3,11,0.0509,29.26
苦瓜,216,3.053240740740741,1.3441046669541101,0.07764244831230734,3.0463328405763,1,11,14,0,0,25,0.1157,28.78
毛豆仁,21,15.238095238095237,0.9535335287635095,0.06271426034608593,0.7740632246590836,0,0,0,14,0,14,0.6667,28.63
秋葵,21,9.142857142857142,1.3637527006651275,0.15854405890802528,1.20465913068835,0,2,3,11,0,11,0.5238,28.59
朝天椒,21,11.107142857142858,5.256883242813314,0.09571833689301737,0.793997616303611,0,0,5,11,0,11,0.5238,27.96
荷兰豆,21,9.892857142857142,1.3683279682047822,0.09552100865131684,0.9596229010668116,0,2,1,12,0,12,0.5714,27.96
球茎茴香,21,6.845238095238095,1.707476556347463,0.08424806640032075,1.3220303399530373,0,0,3,12,0,12,0.5714,27.84
黄花菜,21,32.23809523809524,9.551988075289678,0.06998135763460751,1.9418783771299877,0,0,1,13,0,13,0.619,27.7
豆王,216,4.476851851851852,0.9675532778053642,0.06801073562462528,2.728507536164483,0,9,4,5,2,18,0.0833,27.68
架豆,216,4.183101851851852,0.8381896931309613,0.06469962387126339,2.914456986853628,0,5,10,3,3,20,0.0926,27.65
西芹,216,2.0599537037037035,0.5129309284704593,0.03707199608293145,5.29465138921689,4,3,5,2,1,11,0.0509,26.37
菊苣,21,10.619047619047619,1.4461566469850509,0.11228210625117717,1.9753158878432655,0,1,0,12,0,12,0.5714,26.12
紫菜头,21,5.061904761904762,0.30120788581342034,0.09436816837142883,1.0355132670662128,0,2,1,11,0,11,0.5238,25.94
韭黄,21,10.642857142857142,0.8462100380942243,0.08611361639443894,1.471510715734422,0,1,0,12,0,12,0.5714,25.86
鱼腥草叶,21,12.095238095238095,0.6958636292235648,0.0673097829034049,1.7785110312458317,0,0,1,12,0,12,0.5714,25.67
鱼腥草根,21,9.107142857142858,0.8425090080061037,0.06120126766665116,3.1993788585837137,1,1,1,10,0,10,0.4762,25.61
甜豆,21,10.80952380952381,1.0090365513224786,0.07593730684741799,2.395996428139248,0,1,1,11,0,11,0.5238,24.76
螺丝椒,216,3.8337962962962964,1.3557685317930084,0.03952992314412466,4.9029033784546,2,3,7,0,4,16,0.0741,24.4
杭椒,216,4.049768518518518,1.7691181464036074,0.020985308464299704,5.294651389216606,6,0,6,0,0,9,0.0417,24.21
紫甘蓝,216,1.4055555555555557,0.6552057490921542,0.01879325220902279,5.294651389212701,5,1,2,3,0,9,0.0417,24.19
夹豆,21,10.583333333333334,1.0527741131569177,0.05511656588790787,1.978898708941573,0,0,1,11,0,11,0.5238,23.55
绿菜花,216,1.8541666666666667,0.40514855156745877,0.0326583197179046,3.1192181190388837,1,2,2,5,3,12,0.0556,23.33
番杏,21,12.19047619047619,1.2964006949646258,0.09738095125609061,1.2418880960216088,0,1,1,10,0,10,0.4762,22.97
沙葁,21,11.821428571428571,1.4034396521200543,0.06639843378971012,1.734770896806367,0,0,0,11,0,11,0.5238,22.66
芦笋,21,13.880952380952381,2.3830377772119054,0.04901642525973145,1.0324207793159363,0,0,0,11,0,11,0.5238,22.49
冰草,21,6.440476190476191,0.8250180373208589,0.09005902029053466,1.3908627556619095,0,2,3,8,0,8,0.381,21.9
苤蓝,21,4.109523809523809,0.6761322074156519,0.07692886363601292,1.6559170554425042,0,1,0,10,0,10,0.4762,21.77
豆尖,21,9.761904761904763,1.1332370407272214,0.16832867502072196,1.2988408379326695,0,1,1,9,0,9,0.4286,21.68
线茄,216,2.5613425925925926,1.299328468144573,0.05954334549486322,3.086654833490365,1,4,8,1,2,14,0.0648,21.6
西洋菜,21,8.054761904761905,0.5066815474005251,0.058547501732476144,0.6014860938304414,0,0,1,10,0,10,0.4762,21.59
茄子,216,1.811388888888889,0.8704310168179673,0.052367386508139956,3.1868650108351115,1,4,4,5,0,13,0.0602,21.52
胡萝卜,216,0.9139814814814814,0.2808692977991135,0.022138578707327328,4.240287379949501,5,0,0,3,0,8,0.037,21.22
荸荠,216,4.088657407407408,0.16551133802444884,0.003244330299077796,5.294651389216384,5,0,0,0,3,8,0.037,21.03
芋头,216,3.037615740740741,0.17666150929774,0.002694721221699445,5.294651389216601,7,0,0,0,0,7,0.0324,21.03
银芽,21,6.154761904761905,0.7003400534570265,0.0689543268554248,1.3491018336566576,0,1,1,9,0,9,0.4286,20.69
蒜米,216,3.053009259259259,0.3758435101207857,0.01035421634845384,5.294651389216604,5,0,1,0,2,7,0.0324,20.1
法香,21,9.185714285714287,1.2023043351355407,0.08380431487907665,2.157153711645296,0,1,0,9,0,9,0.4286,19.84
荔浦芋头,21,6.904761904761905,0.45741249488420194,0.06100032389018876,1.507732539093117,0,0,1,9,0,9,0.4286,19.61
香蕉西葫,21,9.464285714285714,1.959409532049315,0.08309289844097968,1.4770674433450808,0,0,2,8,0,8,0.381,18.83
南姜,21,7.190476190476191,0.627020543447152,0.07635848514554479,1.5838074207257482,0,0,2,8,0,8,0.381,18.76
慈姑,21,9.392857142857142,0.8425090080061037,0.06745080738324032,1.1303844860745154,0,0,0,8,0,8,0.381,16.67
冬笋,14,11.232142857142858,5.544803774805644,0.1367508127096262,,0,0,3,6,0,6,0.4286,16.37
金针菇,216,3.3275462962962963,0.11182626760181966,0.0023637720395328224,5.294651389216621,4,0,0,0,2,6,0.0278,16.02
紫贝天葵,21,9.488095238095237,1.4108423691100966,0.06884267282432945,1.1369720523522562,0,0,1,7,0,7,0.3333,15.69
长茄,216,1.7798611111111111,0.9440077744884164,0.05314033530796153,2.9971684750651697,0,5,8,0,1,14,0.0648,15.53
杏鲍菇,216,3.1199074074074074,0.15271798219073646,0.0018947191586761757,5.294651389216575,4,0,0,0,0,4,0.0185,12.02
口蘑,216,7.642361111111111,0.2242288680596638,0.0016625155010992348,5.294651389218354,4,0,0,0,0,4,0.0185,12.02
香芋头,21,5.54047619047619,0.31961658577858887,0.03566305946735642,2.4732014095907546,0,0,0,4,0,4,0.1905,8.36
芦荟,21,8.857142857142858,0.4371171794512635,0.03434189229747664,1.1281521496355327,0,0,0,4,0,4,0.1905,8.34
仙人掌,21,32.98809523809524,4.178423888319159,0.041321979668759515,1.0840010493806156,0,0,1,3,0,3,0.1429,7.41
绿豆芽,216,0.9551851851851851,0.012721085333357782,0.0022639340067246204,5.2946513892165985,1,0,0,2,0,2,0.0093,7.02
黄豆芽,216,0.8803240740740741,0.004762896722078401,0.002066305129513546,5.2946513892165985,1,0,0,2,0,2,0.0093,7.02
白玉菇,216,3.7916666666666665,0.13074028933658535,0.0019181428845389322,4.364357804719848,2,0,0,0,0,2,0.0093,6.02
香菇,216,4.611111111111111,0.12451456127293999,0.000942245627492809,5.294651389216601,2,0,0,0,0,2,0.0093,6.01
海带,29,1.053448275862069,0.16793442304468065,0.03739342551040902,2.144792392890777,0,0,1,0,0,1,0.0345,1.37
